,Precinct,Name_1,Party_1,Votes_1,Name_2,Party_2,Votes_2,Name_3,Party_3,Votes_3,Name_4,Party_4,Votes_4,Name_5,Party_5,Votes_5,Name_6,Party_6,Votes_6,Name_7,Party_7,Votes_7,Votes_total,Pct_1,Pct_2,Pct_3,Pct_4,Pct_5,Pct_6,Pct_7,Margin
0,Snohomish 10141598,Dave Somers,Democratic,242,Write-In,None3,6,,,0,,,0,,,0,,,0,,,0,248,97.58,2.42,0.0,0.0,0.0,0.0,0.0,95.16
1,Snohomish 10141599,Dave Somers,Democratic,141,Write-In,None3,7,,,0,,,0,,,0,,,0,,,0,148,95.27,4.73,0.0,0.0,0.0,0.0,0.0,90.54
2,Snohomish 10141600,Dave Somers,Democratic,225,Write-In,None3,8,,,0,,,0,,,0,,,0,,,0,233,96.57,3.43,0.0,0.0,0.0,0.0,0.0,93.14
3,Snohomish 10141601,Dave Somers,Democratic,260,Write-In,None3,14,,,0,,,0,,,0,,,0,,,0,274,94.89,5.11,0.0,0.0,0.0,0.0,0.0,89.78
4,Snohomish 10141602,Dave Somers,Democratic,164,Write-In,None3,4,,,0,,,0,,,0,,,0,,,0,168,97.62,2.38,0.0,0.0,0.0,0.0,0.0,95.24
5,Snohomish 10141603,Dave Somers,Democratic,166,Write-In,None3,8,,,0,,,0,,,0,,,0,,,0,174,95.4,4.6,0.0,0.0,0.0,0.0,0.0,90.8
6,Snohomish 10141604,Dave Somers,Democratic,281,Write-In,None3,10,,,0,,,0,,,0,,,0,,,0,291,96.56,3.44,0.0,0.0,0.0,0.0,0.0,93.12
7,Snohomish 10141605,Dave Somers,Democratic,184,Write-In,None3,2,,,0,,,0,,,0,,,0,,,0,186,98.92,1.08,0.0,0.0,0.0,0.0,0.0,97.84
8,Snohomish 10141606,Dave Somers,Democratic,147,Write-In,None3,15,,,0,,,0,,,0,,,0,,,0,162,90.74,9.26,0.0,0.0,0.0,0.0,0.0,81.48
9,Snohomish 10141607,Dave Somers,Democratic,206,Write-In,None3,8,,,0,,,0,,,0,,,0,,,0,214,96.26,3.74,0.0,0.0,0.0,0.0,0.0,92.52
10,Snohomish 10141608,Dave Somers,Democratic,253,Write-In,None3,12,,,0,,,0,,,0,,,0,,,0,265,95.47,4.53,0.0,0.0,0.0,0.0,0.0,90.94
11,Snohomish 10141609,Dave Somers,Democratic,268,Write-In,None3,7,,,0,,,0,,,0,,,0,,,0,275,97.45,2.55,0.0,0.0,0.0,0.0,0.0,94.9
12,Snohomish 10141610,Dave Somers,Democratic,143,Write-In,None3,8,,,0,,,0,,,0,,,0,,,0,151,94.7,5.3,0.0,0.0,0.0,0.0,0.0,89.4
13,Snohomish 10141611,Dave Somers,Democratic,155,Write-In,None3,6,,,0,,,0,,,0,,,0,,,0,161,96.27,3.73,0.0,0.0,0.0,0.0,0.0,92.54
14,Snohomish 10141612,Dave Somers,Democratic,134,Write-In,None3,3,,,0,,,0,,,0,,,0,,,0,137,97.81,2.19,0.0,0.0,0.0,0.0,0.0,95.62
15,Snohomish 10141613,Dave Somers,Democratic,216,Write-In,None3,6,,,0,,,0,,,0,,,0,,,0,222,97.3,2.7,0.0,0.0,0.0,0.0,0.0,94.6
16,Snohomish 10141644,Dave Somers,Democratic,216,Write-In,None3,8,,,0,,,0,,,0,,,0,,,0,224,96.43,3.57,0.0,0.0,0.0,0.0,0.0,92.86
17,Snohomish 10144165,Dave Somers,Democratic,198,Write-In,None3,10,,,0,,,0,,,0,,,0,,,0,208,95.19,4.81,0.0,0.0,0.0,0.0,0.0,90.38
18,Snohomish 10144171,Dave Somers,Democratic,115,Write-In,None3,8,,,0,,,0,,,0,,,0,,,0,123,93.5,6.5,0.0,0.0,0.0,0.0,0.0,87.0
19,Snohomish 10144266,Dave Somers,Democratic,236,Write-In,None3,14,,,0,,,0,,,0,,,0,,,0,250,94.4,5.6,0.0,0.0,0.0,0.0,0.0,88.8
20,Snohomish 10144271,Dave Somers,Democratic,175,Write-In,None3,16,,,0,,,0,,,0,,,0,,,0,191,91.62,8.38,0.0,0.0,0.0,0.0,0.0,83.24
21,Snohomish 10144330,Dave Somers,Democratic,196,Write-In,None3,17,,,0,,,0,,,0,,,0,,,0,213,92.02,7.98,0.0,0.0,0.0,0.0,0.0,84.04
22,Snohomish 10144338,Dave Somers,Democratic,173,Write-In,None3,10,,,0,,,0,,,0,,,0,,,0,183,94.54,5.46,0.0,0.0,0.0,0.0,0.0,89.08
23,Snohomish 10144370,Dave Somers,Democratic,182,Write-In,None3,12,,,0,,,0,,,0,,,0,,,0,194,93.81,6.19,0.0,0.0,0.0,0.0,0.0,87.62
24,Snohomish 10144426,Dave Somers,Democratic,228,Write-In,None3,13,,,0,,,0,,,0,,,0,,,0,241,94.61,5.39,0.0,0.0,0.0,0.0,0.0,89.22
25,Snohomish 10144479,Dave Somers,Democratic,130,Write-In,None3,7,,,0,,,0,,,0,,,0,,,0,137,94.89,5.11,0.0,0.0,0.0,0.0,0.0,89.78
26,Snohomish 10144484,Dave Somers,Democratic,175,Write-In,None3,13,,,0,,,0,,,0,,,0,,,0,188,93.09,6.91,0.0,0.0,0.0,0.0,0.0,86.18
27,Snohomish 10144552,Dave Somers,Democratic,195,Write-In,None3,6,,,0,,,0,,,0,,,0,,,0,201,97.01,2.99,0.0,0.0,0.0,0.0,0.0,94.02
28,Snohomish 10144559,Dave Somers,Democratic,53,Write-In,None3,8,,,0,,,0,,,0,,,0,,,0,61,86.89,13.11,0.0,0.0,0.0,0.0,0.0,73.78
29,Snohomish 10144581,Dave Somers,Democratic,190,Write-In,None3,14,,,0,,,0,,,0,,,0,,,0,204,93.14,6.86,0.0,0.0,0.0,0.0,0.0,86.28
30,Snohomish 10144592,Dave Somers,Democratic,258,Write-In,None3,15,,,0,,,0,,,0,,,0,,,0,273,94.51,5.49,0.0,0.0,0.0,0.0,0.0,89.02
31,Snohomish 10144594,Dave Somers,Democratic,245,Write-In,None3,12,,,0,,,0,,,0,,,0,,,0,257,95.33,4.67,0.0,0.0,0.0,0.0,0.0,90.66
32,Snohomish 10144597,Dave Somers,Democratic,131,Write-In,None3,11,,,0,,,0,,,0,,,0,,,0,142,92.25,7.75,0.0,0.0,0.0,0.0,0.0,84.5
33,Snohomish 10144635,Dave Somers,Democratic,132,Write-In,None3,4,,,0,,,0,,,0,,,0,,,0,136,97.06,2.94,0.0,0.0,0.0,0.0,0.0,94.12
34,Snohomish 10144639,Dave Somers,Democratic,143,Write-In,None3,4,,,0,,,0,,,0,,,0,,,0,147,97.28,2.72,0.0,0.0,0.0,0.0,0.0,94.56
35,Snohomish 10144646,Dave Somers,Democratic,131,Write-In,None3,15,,,0,,,0,,,0,,,0,,,0,146,89.73,10.27,0.0,0.0,0.0,0.0,0.0,79.46
36,Snohomish 10144656,Dave Somers,Democratic,239,Write-In,None3,16,,,0,,,0,,,0,,,0,,,0,255,93.73,6.27,0.0,0.0,0.0,0.0,0.0,87.46
37,Snohomish 10144685,Dave Somers,Democratic,192,Write-In,None3,8,,,0,,,0,,,0,,,0,,,0,200,96.0,4.0,0.0,0.0,0.0,0.0,0.0,92.0
38,Snohomish 10144691,Dave Somers,Democratic,116,Write-In,None3,4,,,0,,,0,,,0,,,0,,,0,120,96.67,3.33,0.0,0.0,0.0,0.0,0.0,93.34
39,Snohomish 10144715,Dave Somers,Democratic,154,Write-In,None3,7,,,0,,,0,,,0,,,0,,,0,161,95.65,4.35,0.0,0.0,0.0,0.0,0.0,91.3
40,Snohomish 10144762,Dave Somers,Democratic,265,Write-In,None3,12,,,0,,,0,,,0,,,0,,,0,277,95.67,4.33,0.0,0.0,0.0,0.0,0.0,91.34
41,Snohomish 10144763,Dave Somers,Democratic,173,Write-In,None3,8,,,0,,,0,,,0,,,0,,,0,181,95.58,4.42,0.0,0.0,0.0,0.0,0.0,91.16
42,Snohomish 10154009,Dave Somers,Democratic,128,Write-In,None3,8,,,0,,,0,,,0,,,0,,,0,136,94.12,5.88,0.0,0.0,0.0,0.0,0.0,88.24
43,Snohomish 10154026,Dave Somers,Democratic,182,Write-In,None3,13,,,0,,,0,,,0,,,0,,,0,195,93.33,6.67,0.0,0.0,0.0,0.0,0.0,86.66
44,Snohomish 10154032,Dave Somers,Democratic,120,Write-In,None3,14,,,0,,,0,,,0,,,0,,,0,134,89.55,10.45,0.0,0.0,0.0,0.0,0.0,79.1
45,Snohomish 10154062,Dave Somers,Democratic,193,Write-In,None3,14,,,0,,,0,,,0,,,0,,,0,207,93.24,6.76,0.0,0.0,0.0,0.0,0.0,86.48
46,Snohomish 10154170,Dave Somers,Democratic,200,Write-In,None3,9,,,0,,,0,,,0,,,0,,,0,209,95.69,4.31,0.0,0.0,0.0,0.0,0.0,91.38
47,Snohomish 10154178,Dave Somers,Democratic,208,Write-In,None3,8,,,0,,,0,,,0,,,0,,,0,216,96.3,3.7,0.0,0.0,0.0,0.0,0.0,92.6
48,Snohomish 10154273,Dave Somers,Democratic,92,Write-In,None3,9,,,0,,,0,,,0,,,0,,,0,101,91.09,8.91,0.0,0.0,0.0,0.0,0.0,82.18
49,Snohomish 10154283,Dave Somers,Democratic,211,Write-In,None3,4,,,0,,,0,,,0,,,0,,,0,215,98.14,1.86,0.0,0.0,0.0,0.0,0.0,96.28
50,Snohomish 10154310,Dave Somers,Democratic,197,Write-In,None3,14,,,0,,,0,,,0,,,0,,,0,211,93.36,6.64,0.0,0.0,0.0,0.0,0.0,86.72
51,Snohomish 10154329,Dave Somers,Democratic,280,Write-In,None3,13,,,0,,,0,,,0,,,0,,,0,293,95.56,4.44,0.0,0.0,0.0,0.0,0.0,91.12
52,Snohomish 10154333,Dave Somers,Democratic,245,Write-In,None3,16,,,0,,,0,,,0,,,0,,,0,261,93.87,6.13,0.0,0.0,0.0,0.0,0.0,87.74
53,Snohomish 10154334,Dave Somers,Democratic,170,Write-In,None3,10,,,0,,,0,,,0,,,0,,,0,180,94.44,5.56,0.0,0.0,0.0,0.0,0.0,88.88
54,Snohomish 10154369,Dave Somers,Democratic,129,Write-In,None3,14,,,0,,,0,,,0,,,0,,,0,143,90.21,9.79,0.0,0.0,0.0,0.0,0.0,80.42
55,Snohomish 10154372,Dave Somers,Democratic,231,Write-In,None3,16,,,0,,,0,,,0,,,0,,,0,247,93.52,6.48,0.0,0.0,0.0,0.0,0.0,87.04
56,Snohomish 10154375,Dave Somers,Democratic,140,Write-In,None3,5,,,0,,,0,,,0,,,0,,,0,145,96.55,3.45,0.0,0.0,0.0,0.0,0.0,93.1
57,Snohomish 10154387,Dave Somers,Democratic,121,Write-In,None3,11,,,0,,,0,,,0,,,0,,,0,132,91.67,8.33,0.0,0.0,0.0,0.0,0.0,83.34
58,Snohomish 10154435,Dave Somers,Democratic,61,Write-In,None3,9,,,0,,,0,,,0,,,0,,,0,70,87.14,12.86,0.0,0.0,0.0,0.0,0.0,74.28
59,Snohomish 10154535,Dave Somers,Democratic,100,Write-In,None3,3,,,0,,,0,,,0,,,0,,,0,103,97.09,2.91,0.0,0.0,0.0,0.0,0.0,94.18
60,Snohomish 10154551,Dave Somers,Democratic,137,Write-In,None3,5,,,0,,,0,,,0,,,0,,,0,142,96.48,3.52,0.0,0.0,0.0,0.0,0.0,92.96
61,Snohomish 10154560,Dave Somers,Democratic,202,Write-In,None3,13,,,0,,,0,,,0,,,0,,,0,215,93.95,6.05,0.0,0.0,0.0,0.0,0.0,87.9
62,Snohomish 10154579,Dave Somers,Democratic,24,Write-In,None3,2,,,0,,,0,,,0,,,0,,,0,26,92.31,7.69,0.0,0.0,0.0,0.0,0.0,84.62
63,Snohomish 10154657,Dave Somers,Democratic,120,Write-In,None3,5,,,0,,,0,,,0,,,0,,,0,125,96.0,4.0,0.0,0.0,0.0,0.0,0.0,92.0
64,Snohomish 11014016,Dave Somers,Democratic,226,Write-In,None3,26,,,0,,,0,,,0,,,0,,,0,252,89.68,10.32,0.0,0.0,0.0,0.0,0.0,79.36
65,Snohomish 11014021,Dave Somers,Democratic,69,Write-In,None3,11,,,0,,,0,,,0,,,0,,,0,80,86.25,13.75,0.0,0.0,0.0,0.0,0.0,72.5
66,Snohomish 11014027,Dave Somers,Democratic,122,Write-In,None3,7,,,0,,,0,,,0,,,0,,,0,129,94.57,5.43,0.0,0.0,0.0,0.0,0.0,89.14
67,Snohomish 11014326,Dave Somers,Democratic,123,Write-In,None3,9,,,0,,,0,,,0,,,0,,,0,132,93.18,6.82,0.0,0.0,0.0,0.0,0.0,86.36
68,Snohomish 11014647,Dave Somers,Democratic,215,Write-In,None3,28,,,0,,,0,,,0,,,0,,,0,243,88.48,11.52,0.0,0.0,0.0,0.0,0.0,76.96
69,Snohomish 11014759,Dave Somers,Democratic,86,Write-In,None3,17,,,0,,,0,,,0,,,0,,,0,103,83.5,16.5,0.0,0.0,0.0,0.0,0.0,67.0
70,Snohomish 13911384,Dave Somers,Democratic,186,Write-In,None3,23,,,0,,,0,,,0,,,0,,,0,209,89.0,11.0,0.0,0.0,0.0,0.0,0.0,78.0
71,Snohomish 13911385,Dave Somers,Democratic,187,Write-In,None3,29,,,0,,,0,,,0,,,0,,,0,216,86.57,13.43,0.0,0.0,0.0,0.0,0.0,73.14
72,Snohomish 13911637,Dave Somers,Democratic,215,Write-In,None3,26,,,0,,,0,,,0,,,0,,,0,241,89.21,10.79,0.0,0.0,0.0,0.0,0.0,78.42
73,Snohomish 13911670,Dave Somers,Democratic,91,Write-In,None3,8,,,0,,,0,,,0,,,0,,,0,99,91.92,8.08,0.0,0.0,0.0,0.0,0.0,83.84
75,Snohomish 13911778,Dave Somers,Democratic,88,Write-In,None3,16,,,0,,,0,,,0,,,0,,,0,104,84.62,15.38,0.0,0.0,0.0,0.0,0.0,69.24
76,Snohomish 13914011,Dave Somers,Democratic,145,Write-In,None3,14,,,0,,,0,,,0,,,0,,,0,159,91.19,8.81,0.0,0.0,0.0,0.0,0.0,82.38
77,Snohomish 13914015,Dave Somers,Democratic,128,Write-In,None3,18,,,0,,,0,,,0,,,0,,,0,146,87.67,12.33,0.0,0.0,0.0,0.0,0.0,75.34
78,Snohomish 13914028,Dave Somers,Democratic,160,Write-In,None3,19,,,0,,,0,,,0,,,0,,,0,179,89.39,10.61,0.0,0.0,0.0,0.0,0.0,78.78
79,Snohomish 13914033,Dave Somers,Democratic,98,Write-In,None3,4,,,0,,,0,,,0,,,0,,,0,102,96.08,3.92,0.0,0.0,0.0,0.0,0.0,92.16
80,Snohomish 13914034,Dave Somers,Democratic,188,Write-In,None3,32,,,0,,,0,,,0,,,0,,,0,220,85.45,14.55,0.0,0.0,0.0,0.0,0.0,70.9
81,Snohomish 13914035,Dave Somers,Democratic,121,Write-In,None3,10,,,0,,,0,,,0,,,0,,,0,131,92.37,7.63,0.0,0.0,0.0,0.0,0.0,84.74
82,Snohomish 13914042,Dave Somers,Democratic,250,Write-In,None3,31,,,0,,,0,,,0,,,0,,,0,281,88.97,11.03,0.0,0.0,0.0,0.0,0.0,77.94
83,Snohomish 13914053,Dave Somers,Democratic,188,Write-In,None3,19,,,0,,,0,,,0,,,0,,,0,207,90.82,9.18,0.0,0.0,0.0,0.0,0.0,81.64
84,Snohomish 13914057,Dave Somers,Democratic,198,Write-In,None3,13,,,0,,,0,,,0,,,0,,,0,211,93.84,6.16,0.0,0.0,0.0,0.0,0.0,87.68
85,Snohomish 13914060,Dave Somers,Democratic,95,Write-In,None3,17,,,0,,,0,,,0,,,0,,,0,112,84.82,15.18,0.0,0.0,0.0,0.0,0.0,69.64
86,Snohomish 13914069,Dave Somers,Democratic,142,Write-In,None3,7,,,0,,,0,,,0,,,0,,,0,149,95.3,4.7,0.0,0.0,0.0,0.0,0.0,90.6
87,Snohomish 13914211,Dave Somers,Democratic,80,Write-In,None3,12,,,0,,,0,,,0,,,0,,,0,92,86.96,13.04,0.0,0.0,0.0,0.0,0.0,73.92
88,Snohomish 13914264,Dave Somers,Democratic,204,Write-In,None3,24,,,0,,,0,,,0,,,0,,,0,228,89.47,10.53,0.0,0.0,0.0,0.0,0.0,78.94
89,Snohomish 13914270,Dave Somers,Democratic,190,Write-In,None3,23,,,0,,,0,,,0,,,0,,,0,213,89.2,10.8,0.0,0.0,0.0,0.0,0.0,78.4
90,Snohomish 13914275,Dave Somers,Democratic,182,Write-In,None3,21,,,0,,,0,,,0,,,0,,,0,203,89.66,10.34,0.0,0.0,0.0,0.0,0.0,79.32
91,Snohomish 13914321,Dave Somers,Democratic,172,Write-In,None3,16,,,0,,,0,,,0,,,0,,,0,188,91.49,8.51,0.0,0.0,0.0,0.0,0.0,82.98
92,Snohomish 13914347,Dave Somers,Democratic,160,Write-In,None3,18,,,0,,,0,,,0,,,0,,,0,178,89.89,10.11,0.0,0.0,0.0,0.0,0.0,79.78
93,Snohomish 13914374,Dave Somers,Democratic,195,Write-In,None3,24,,,0,,,0,,,0,,,0,,,0,219,89.04,10.96,0.0,0.0,0.0,0.0,0.0,78.08
94,Snohomish 13914416,Dave Somers,Democratic,140,Write-In,None3,12,,,0,,,0,,,0,,,0,,,0,152,92.11,7.89,0.0,0.0,0.0,0.0,0.0,84.22
95,Snohomish 13914433,Dave Somers,Democratic,78,Write-In,None3,8,,,0,,,0,,,0,,,0,,,0,86,90.7,9.3,0.0,0.0,0.0,0.0,0.0,81.4
96,Snohomish 13914439,Dave Somers,Democratic,3,Write-In,None3,0,,,0,,,0,,,0,,,0,,,0,3,100.0,0.0,0.0,0.0,0.0,0.0,0.0,100.0
97,Snohomish 13914470,Dave Somers,Democratic,132,Write-In,None3,16,,,0,,,0,,,0,,,0,,,0,148,89.19,10.81,0.0,0.0,0.0,0.0,0.0,78.38
98,Snohomish 13914496,Dave Somers,Democratic,71,Write-In,None3,5,,,0,,,0,,,0,,,0,,,0,76,93.42,6.58,0.0,0.0,0.0,0.0,0.0,86.84
99,Snohomish 13914515,Dave Somers,Democratic,103,Write-In,None3,7,,,0,,,0,,,0,,,0,,,0,110,93.64,6.36,0.0,0.0,0.0,0.0,0.0,87.28
100,Snohomish 13914517,Dave Somers,Democratic,245,Write-In,None3,24,,,0,,,0,,,0,,,0,,,0,269,91.08,8.92,0.0,0.0,0.0,0.0,0.0,82.16
101,Snohomish 13914519,Dave Somers,Democratic,138,Write-In,None3,21,,,0,,,0,,,0,,,0,,,0,159,86.79,13.21,0.0,0.0,0.0,0.0,0.0,73.58
102,Snohomish 13914521,Dave Somers,Democratic,256,Write-In,None3,43,,,0,,,0,,,0,,,0,,,0,299,85.62,14.38,0.0,0.0,0.0,0.0,0.0,71.24
103,Snohomish 13914529,Dave Somers,Democratic,126,Write-In,None3,16,,,0,,,0,,,0,,,0,,,0,142,88.73,11.27,0.0,0.0,0.0,0.0,0.0,77.46
104,Snohomish 13914533,Dave Somers,Democratic,81,Write-In,None3,13,,,0,,,0,,,0,,,0,,,0,94,86.17,13.83,0.0,0.0,0.0,0.0,0.0,72.34
105,Snohomish 13914555,Dave Somers,Democratic,128,Write-In,None3,16,,,0,,,0,,,0,,,0,,,0,144,88.89,11.11,0.0,0.0,0.0,0.0,0.0,77.78
106,Snohomish 13914557,Dave Somers,Democratic,157,Write-In,None3,27,,,0,,,0,,,0,,,0,,,0,184,85.33,14.67,0.0,0.0,0.0,0.0,0.0,70.66
107,Snohomish 13914573,Dave Somers,Democratic,57,Write-In,None3,7,,,0,,,0,,,0,,,0,,,0,64,89.06,10.94,0.0,0.0,0.0,0.0,0.0,78.12
108,Snohomish 13914583,Dave Somers,Democratic,74,Write-In,None3,3,,,0,,,0,,,0,,,0,,,0,77,96.1,3.9,0.0,0.0,0.0,0.0,0.0,92.2
109,Snohomish 13914681,Dave Somers,Democratic,162,Write-In,None3,29,,,0,,,0,,,0,,,0,,,0,191,84.82,15.18,0.0,0.0,0.0,0.0,0.0,69.64
110,Snohomish 13914683,Dave Somers,Democratic,117,Write-In,None3,15,,,0,,,0,,,0,,,0,,,0,132,88.64,11.36,0.0,0.0,0.0,0.0,0.0,77.28
111,Snohomish 13951039,Dave Somers,Democratic,50,Write-In,None3,1,,,0,,,0,,,0,,,0,,,0,51,98.04,1.96,0.0,0.0,0.0,0.0,0.0,96.08
112,Snohomish 13951054,Dave Somers,Democratic,227,Write-In,None3,13,,,0,,,0,,,0,,,0,,,0,240,94.58,5.42,0.0,0.0,0.0,0.0,0.0,89.16
113,Snohomish 13951055,Dave Somers,Democratic,211,Write-In,None3,15,,,0,,,0,,,0,,,0,,,0,226,93.36,6.64,0.0,0.0,0.0,0.0,0.0,86.72
114,Snohomish 13951070,Dave Somers,Democratic,207,Write-In,None3,19,,,0,,,0,,,0,,,0,,,0,226,91.59,8.41,0.0,0.0,0.0,0.0,0.0,83.18
115,Snohomish 13951071,Dave Somers,Democratic,221,Write-In,None3,18,,,0,,,0,,,0,,,0,,,0,239,92.47,7.53,0.0,0.0,0.0,0.0,0.0,84.94
116,Snohomish 13951187,Dave Somers,Democratic,226,Write-In,None3,17,,,0,,,0,,,0,,,0,,,0,243,93.0,7.0,0.0,0.0,0.0,0.0,0.0,86.0
117,Snohomish 13951188,Dave Somers,Democratic,247,Write-In,None3,18,,,0,,,0,,,0,,,0,,,0,265,93.21,6.79,0.0,0.0,0.0,0.0,0.0,86.42
118,Snohomish 13951322,Dave Somers,Democratic,234,Write-In,None3,15,,,0,,,0,,,0,,,0,,,0,249,93.98,6.02,0.0,0.0,0.0,0.0,0.0,87.96
119,Snohomish 13951431,Dave Somers,Democratic,158,Write-In,None3,23,,,0,,,0,,,0,,,0,,,0,181,87.29,12.71,0.0,0.0,0.0,0.0,0.0,74.58
120,Snohomish 13951506,Dave Somers,Democratic,196,Write-In,None3,10,,,0,,,0,,,0,,,0,,,0,206,95.15,4.85,0.0,0.0,0.0,0.0,0.0,90.3
121,Snohomish 13951548,Dave Somers,Democratic,166,Write-In,None3,13,,,0,,,0,,,0,,,0,,,0,179,92.74,7.26,0.0,0.0,0.0,0.0,0.0,85.48
122,Snohomish 13951566,Dave Somers,Democratic,171,Write-In,None3,14,,,0,,,0,,,0,,,0,,,0,185,92.43,7.57,0.0,0.0,0.0,0.0,0.0,84.86
123,Snohomish 13951567,Dave Somers,Democratic,159,Write-In,None3,11,,,0,,,0,,,0,,,0,,,0,170,93.53,6.47,0.0,0.0,0.0,0.0,0.0,87.06
124,Snohomish 13951568,Dave Somers,Democratic,205,Write-In,None3,17,,,0,,,0,,,0,,,0,,,0,222,92.34,7.66,0.0,0.0,0.0,0.0,0.0,84.68
125,Snohomish 13951586,Dave Somers,Democratic,200,Write-In,None3,9,,,0,,,0,,,0,,,0,,,0,209,95.69,4.31,0.0,0.0,0.0,0.0,0.0,91.38
126,Snohomish 13951587,Dave Somers,Democratic,56,Write-In,None3,3,,,0,,,0,,,0,,,0,,,0,59,94.92,5.08,0.0,0.0,0.0,0.0,0.0,89.84
127,Snohomish 13951653,Dave Somers,Democratic,252,Write-In,None3,12,,,0,,,0,,,0,,,0,,,0,264,95.45,4.55,0.0,0.0,0.0,0.0,0.0,90.9
128,Snohomish 13951654,Dave Somers,Democratic,108,Write-In,None3,4,,,0,,,0,,,0,,,0,,,0,112,96.43,3.57,0.0,0.0,0.0,0.0,0.0,92.86
129,Snohomish 13951713,Dave Somers,Democratic,167,Write-In,None3,6,,,0,,,0,,,0,,,0,,,0,173,96.53,3.47,0.0,0.0,0.0,0.0,0.0,93.06
130,Snohomish 13951781,Dave Somers,Democratic,56,Write-In,None3,2,,,0,,,0,,,0,,,0,,,0,58,96.55,3.45,0.0,0.0,0.0,0.0,0.0,93.1
131,Snohomish 13954003,Dave Somers,Democratic,50,Write-In,None3,7,,,0,,,0,,,0,,,0,,,0,57,87.72,12.28,0.0,0.0,0.0,0.0,0.0,75.44
132,Snohomish 13954005,Dave Somers,Democratic,198,Write-In,None3,25,,,0,,,0,,,0,,,0,,,0,223,88.79,11.21,0.0,0.0,0.0,0.0,0.0,77.58
133,Snohomish 13954007,Dave Somers,Democratic,166,Write-In,None3,10,,,0,,,0,,,0,,,0,,,0,176,94.32,5.68,0.0,0.0,0.0,0.0,0.0,88.64
134,Snohomish 13954008,Dave Somers,Democratic,141,Write-In,None3,12,,,0,,,0,,,0,,,0,,,0,153,92.16,7.84,0.0,0.0,0.0,0.0,0.0,84.32
135,Snohomish 13954010,Dave Somers,Democratic,261,Write-In,None3,32,,,0,,,0,,,0,,,0,,,0,293,89.08,10.92,0.0,0.0,0.0,0.0,0.0,78.16
136,Snohomish 13954013,Dave Somers,Democratic,249,Write-In,None3,23,,,0,,,0,,,0,,,0,,,0,272,91.54,8.46,0.0,0.0,0.0,0.0,0.0,83.08
137,Snohomish 13954031,Dave Somers,Democratic,174,Write-In,None3,16,,,0,,,0,,,0,,,0,,,0,190,91.58,8.42,0.0,0.0,0.0,0.0,0.0,83.16
138,Snohomish 13954036,Dave Somers,Democratic,103,Write-In,None3,11,,,0,,,0,,,0,,,0,,,0,114,90.35,9.65,0.0,0.0,0.0,0.0,0.0,80.7
139,Snohomish 13954041,Dave Somers,Democratic,59,Write-In,None3,4,,,0,,,0,,,0,,,0,,,0,63,93.65,6.35,0.0,0.0,0.0,0.0,0.0,87.3
140,Snohomish 13954043,Dave Somers,Democratic,199,Write-In,None3,25,,,0,,,0,,,0,,,0,,,0,224,88.84,11.16,0.0,0.0,0.0,0.0,0.0,77.68
141,Snohomish 13954058,Dave Somers,Democratic,86,Write-In,None3,9,,,0,,,0,,,0,,,0,,,0,95,90.53,9.47,0.0,0.0,0.0,0.0,0.0,81.06
142,Snohomish 13954064,Dave Somers,Democratic,159,Write-In,None3,6,,,0,,,0,,,0,,,0,,,0,165,96.36,3.64,0.0,0.0,0.0,0.0,0.0,92.72
143,Snohomish 13954272,Dave Somers,Democratic,167,Write-In,None3,9,,,0,,,0,,,0,,,0,,,0,176,94.89,5.11,0.0,0.0,0.0,0.0,0.0,89.78
144,Snohomish 13954292,Dave Somers,Democratic,220,Write-In,None3,22,,,0,,,0,,,0,,,0,,,0,242,90.91,9.09,0.0,0.0,0.0,0.0,0.0,81.82
145,Snohomish 13954309,Dave Somers,Democratic,132,Write-In,None3,11,,,0,,,0,,,0,,,0,,,0,143,92.31,7.69,0.0,0.0,0.0,0.0,0.0,84.62
146,Snohomish 13954340,Dave Somers,Democratic,199,Write-In,None3,8,,,0,,,0,,,0,,,0,,,0,207,96.14,3.86,0.0,0.0,0.0,0.0,0.0,92.28
147,Snohomish 13954371,Dave Somers,Democratic,273,Write-In,None3,24,,,0,,,0,,,0,,,0,,,0,297,91.92,8.08,0.0,0.0,0.0,0.0,0.0,83.84
148,Snohomish 13954388,Dave Somers,Democratic,192,Write-In,None3,17,,,0,,,0,,,0,,,0,,,0,209,91.87,8.13,0.0,0.0,0.0,0.0,0.0,83.74
149,Snohomish 13954417,Dave Somers,Democratic,134,Write-In,None3,19,,,0,,,0,,,0,,,0,,,0,153,87.58,12.42,0.0,0.0,0.0,0.0,0.0,75.16
150,Snohomish 13954425,Dave Somers,Democratic,146,Write-In,None3,17,,,0,,,0,,,0,,,0,,,0,163,89.57,10.43,0.0,0.0,0.0,0.0,0.0,79.14
151,Snohomish 13954442,Dave Somers,Democratic,197,Write-In,None3,14,,,0,,,0,,,0,,,0,,,0,211,93.36,6.64,0.0,0.0,0.0,0.0,0.0,86.72
152,Snohomish 13954443,Dave Somers,Democratic,157,Write-In,None3,23,,,0,,,0,,,0,,,0,,,0,180,87.22,12.78,0.0,0.0,0.0,0.0,0.0,74.44
153,Snohomish 13954454,Dave Somers,Democratic,144,Write-In,None3,16,,,0,,,0,,,0,,,0,,,0,160,90.0,10.0,0.0,0.0,0.0,0.0,0.0,80.0
154,Snohomish 13954469,Dave Somers,Democratic,231,Write-In,None3,29,,,0,,,0,,,0,,,0,,,0,260,88.85,11.15,0.0,0.0,0.0,0.0,0.0,77.7
155,Snohomish 13954471,Dave Somers,Democratic,191,Write-In,None3,28,,,0,,,0,,,0,,,0,,,0,219,87.21,12.79,0.0,0.0,0.0,0.0,0.0,74.42
156,Snohomish 13954487,Dave Somers,Democratic,255,Write-In,None3,19,,,0,,,0,,,0,,,0,,,0,274,93.07,6.93,0.0,0.0,0.0,0.0,0.0,86.14
157,Snohomish 13954507,Dave Somers,Democratic,172,Write-In,None3,15,,,0,,,0,,,0,,,0,,,0,187,91.98,8.02,0.0,0.0,0.0,0.0,0.0,83.96
158,Snohomish 13954526,Dave Somers,Democratic,57,Write-In,None3,2,,,0,,,0,,,0,,,0,,,0,59,96.61,3.39,0.0,0.0,0.0,0.0,0.0,93.22
159,Snohomish 13954534,Dave Somers,Democratic,116,Write-In,None3,9,,,0,,,0,,,0,,,0,,,0,125,92.8,7.2,0.0,0.0,0.0,0.0,0.0,85.6
160,Snohomish 13954537,Dave Somers,Democratic,149,Write-In,None3,15,,,0,,,0,,,0,,,0,,,0,164,90.85,9.15,0.0,0.0,0.0,0.0,0.0,81.7
161,Snohomish 13954553,Dave Somers,Democratic,169,Write-In,None3,16,,,0,,,0,,,0,,,0,,,0,185,91.35,8.65,0.0,0.0,0.0,0.0,0.0,82.7
162,Snohomish 13954710,Dave Somers,Democratic,110,Write-In,None3,5,,,0,,,0,,,0,,,0,,,0,115,95.65,4.35,0.0,0.0,0.0,0.0,0.0,91.3
163,Snohomish 13954750,Dave Somers,Democratic,45,Write-In,None3,5,,,0,,,0,,,0,,,0,,,0,50,90.0,10.0,0.0,0.0,0.0,0.0,0.0,80.0
164,Snohomish 13954753,Dave Somers,Democratic,8,Write-In,None3,3,,,0,,,0,,,0,,,0,,,0,11,72.73,27.27,0.0,0.0,0.0,0.0,0.0,45.46
165,Snohomish 13954754,Dave Somers,Democratic,82,Write-In,None3,6,,,0,,,0,,,0,,,0,,,0,88,93.18,6.82,0.0,0.0,0.0,0.0,0.0,86.36
166,Snohomish 14414044,Dave Somers,Democratic,66,Write-In,None3,5,,,0,,,0,,,0,,,0,,,0,71,92.96,7.04,0.0,0.0,0.0,0.0,0.0,85.92
167,Snohomish 14414318,Dave Somers,Democratic,109,Write-In,None3,10,,,0,,,0,,,0,,,0,,,0,119,91.6,8.4,0.0,0.0,0.0,0.0,0.0,83.2
168,Snohomish 14414522,Dave Somers,Democratic,133,Write-In,None3,16,,,0,,,0,,,0,,,0,,,0,149,89.26,10.74,0.0,0.0,0.0,0.0,0.0,78.52
169,Snohomish 14441301,Dave Somers,Democratic,234,Write-In,None3,19,,,0,,,0,,,0,,,0,,,0,253,92.49,7.51,0.0,0.0,0.0,0.0,0.0,84.98
170,Snohomish 14441302,Dave Somers,Democratic,157,Write-In,None3,7,,,0,,,0,,,0,,,0,,,0,164,95.73,4.27,0.0,0.0,0.0,0.0,0.0,91.46
171,Snohomish 14441303,Dave Somers,Democratic,133,Write-In,None3,9,,,0,,,0,,,0,,,0,,,0,142,93.66,6.34,0.0,0.0,0.0,0.0,0.0,87.32
172,Snohomish 14441304,Dave Somers,Democratic,183,Write-In,None3,6,,,0,,,0,,,0,,,0,,,0,189,96.83,3.17,0.0,0.0,0.0,0.0,0.0,93.66
173,Snohomish 14441353,Dave Somers,Democratic,282,Write-In,None3,6,,,0,,,0,,,0,,,0,,,0,288,97.92,2.08,0.0,0.0,0.0,0.0,0.0,95.84
174,Snohomish 14441354,Dave Somers,Democratic,226,Write-In,None3,19,,,0,,,0,,,0,,,0,,,0,245,92.24,7.76,0.0,0.0,0.0,0.0,0.0,84.48
175,Snohomish 14441367,Dave Somers,Democratic,13,Write-In,None3,1,,,0,,,0,,,0,,,0,,,0,14,92.86,7.14,0.0,0.0,0.0,0.0,0.0,85.72
176,Snohomish 14441376,Dave Somers,Democratic,249,Write-In,None3,8,,,0,,,0,,,0,,,0,,,0,257,96.89,3.11,0.0,0.0,0.0,0.0,0.0,93.78
177,Snohomish 14441377,Dave Somers,Democratic,203,Write-In,None3,8,,,0,,,0,,,0,,,0,,,0,211,96.21,3.79,0.0,0.0,0.0,0.0,0.0,92.42
178,Snohomish 14441472,Dave Somers,Democratic,134,Write-In,None3,10,,,0,,,0,,,0,,,0,,,0,144,93.06,6.94,0.0,0.0,0.0,0.0,0.0,86.12
179,Snohomish 14441473,Dave Somers,Democratic,143,Write-In,None3,13,,,0,,,0,,,0,,,0,,,0,156,91.67,8.33,0.0,0.0,0.0,0.0,0.0,83.34
180,Snohomish 14441495,Dave Somers,Democratic,171,Write-In,None3,8,,,0,,,0,,,0,,,0,,,0,179,95.53,4.47,0.0,0.0,0.0,0.0,0.0,91.06
181,Snohomish 14441505,Dave Somers,Democratic,157,Write-In,None3,12,,,0,,,0,,,0,,,0,,,0,169,92.9,7.1,0.0,0.0,0.0,0.0,0.0,85.8
182,Snohomish 14441629,Dave Somers,Democratic,8,Write-In,None3,0,,,0,,,0,,,0,,,0,,,0,8,100.0,0.0,0.0,0.0,0.0,0.0,0.0,100.0
183,Snohomish 14441640,Dave Somers,Democratic,219,Write-In,None3,8,,,0,,,0,,,0,,,0,,,0,227,96.48,3.52,0.0,0.0,0.0,0.0,0.0,92.96
184,Snohomish 14441652,Dave Somers,Democratic,115,Write-In,None3,13,,,0,,,0,,,0,,,0,,,0,128,89.84,10.16,0.0,0.0,0.0,0.0,0.0,79.68
185,Snohomish 14441665,Dave Somers,Democratic,217,Write-In,None3,19,,,0,,,0,,,0,,,0,,,0,236,91.95,8.05,0.0,0.0,0.0,0.0,0.0,83.9
186,Snohomish 14441666,Dave Somers,Democratic,168,Write-In,None3,9,,,0,,,0,,,0,,,0,,,0,177,94.92,5.08,0.0,0.0,0.0,0.0,0.0,89.84
187,Snohomish 14441667,Dave Somers,Democratic,204,Write-In,None3,8,,,0,,,0,,,0,,,0,,,0,212,96.23,3.77,0.0,0.0,0.0,0.0,0.0,92.46
188,Snohomish 14441668,Dave Somers,Democratic,154,Write-In,None3,4,,,0,,,0,,,0,,,0,,,0,158,97.47,2.53,0.0,0.0,0.0,0.0,0.0,94.94
189,Snohomish 14441702,Dave Somers,Democratic,96,Write-In,None3,6,,,0,,,0,,,0,,,0,,,0,102,94.12,5.88,0.0,0.0,0.0,0.0,0.0,88.24
190,Snohomish 14441703,Dave Somers,Democratic,159,Write-In,None3,6,,,0,,,0,,,0,,,0,,,0,165,96.36,3.64,0.0,0.0,0.0,0.0,0.0,92.72
191,Snohomish 14441771,Dave Somers,Democratic,230,Write-In,None3,8,,,0,,,0,,,0,,,0,,,0,238,96.64,3.36,0.0,0.0,0.0,0.0,0.0,93.28
192,Snohomish 14444006,Dave Somers,Democratic,182,Write-In,None3,7,,,0,,,0,,,0,,,0,,,0,189,96.3,3.7,0.0,0.0,0.0,0.0,0.0,92.6
193,Snohomish 14444278,Dave Somers,Democratic,220,Write-In,None3,7,,,0,,,0,,,0,,,0,,,0,227,96.92,3.08,0.0,0.0,0.0,0.0,0.0,93.84
194,Snohomish 14444293,Dave Somers,Democratic,153,Write-In,None3,6,,,0,,,0,,,0,,,0,,,0,159,96.23,3.77,0.0,0.0,0.0,0.0,0.0,92.46
195,Snohomish 14444298,Dave Somers,Democratic,143,Write-In,None3,15,,,0,,,0,,,0,,,0,,,0,158,90.51,9.49,0.0,0.0,0.0,0.0,0.0,81.02
196,Snohomish 14444305,Dave Somers,Democratic,196,Write-In,None3,8,,,0,,,0,,,0,,,0,,,0,204,96.08,3.92,0.0,0.0,0.0,0.0,0.0,92.16
197,Snohomish 14444308,Dave Somers,Democratic,186,Write-In,None3,17,,,0,,,0,,,0,,,0,,,0,203,91.63,8.37,0.0,0.0,0.0,0.0,0.0,83.26
198,Snohomish 14444317,Dave Somers,Democratic,159,Write-In,None3,5,,,0,,,0,,,0,,,0,,,0,164,96.95,3.05,0.0,0.0,0.0,0.0,0.0,93.9
199,Snohomish 14444348,Dave Somers,Democratic,176,Write-In,None3,9,,,0,,,0,,,0,,,0,,,0,185,95.14,4.86,0.0,0.0,0.0,0.0,0.0,90.28
200,Snohomish 14444357,Dave Somers,Democratic,141,Write-In,None3,4,,,0,,,0,,,0,,,0,,,0,145,97.24,2.76,0.0,0.0,0.0,0.0,0.0,94.48
201,Snohomish 14444361,Dave Somers,Democratic,215,Write-In,None3,17,,,0,,,0,,,0,,,0,,,0,232,92.67,7.33,0.0,0.0,0.0,0.0,0.0,85.34
202,Snohomish 14444547,Dave Somers,Democratic,108,Write-In,None3,8,,,0,,,0,,,0,,,0,,,0,116,93.1,6.9,0.0,0.0,0.0,0.0,0.0,86.2
203,Snohomish 14444575,Dave Somers,Democratic,133,Write-In,None3,9,,,0,,,0,,,0,,,0,,,0,142,93.66,6.34,0.0,0.0,0.0,0.0,0.0,87.32
204,Snohomish 14444576,Dave Somers,Democratic,152,Write-In,None3,3,,,0,,,0,,,0,,,0,,,0,155,98.06,1.94,0.0,0.0,0.0,0.0,0.0,96.12
205,Snohomish 14444582,Dave Somers,Democratic,269,Write-In,None3,21,,,0,,,0,,,0,,,0,,,0,290,92.76,7.24,0.0,0.0,0.0,0.0,0.0,85.52
206,Snohomish 14444584,Dave Somers,Democratic,222,Write-In,None3,26,,,0,,,0,,,0,,,0,,,0,248,89.52,10.48,0.0,0.0,0.0,0.0,0.0,79.04
207,Snohomish 14444590,Dave Somers,Democratic,234,Write-In,None3,10,,,0,,,0,,,0,,,0,,,0,244,95.9,4.1,0.0,0.0,0.0,0.0,0.0,91.8
208,Snohomish 14444595,Dave Somers,Democratic,198,Write-In,None3,10,,,0,,,0,,,0,,,0,,,0,208,95.19,4.81,0.0,0.0,0.0,0.0,0.0,90.38
209,Snohomish 14444658,Dave Somers,Democratic,83,Write-In,None3,1,,,0,,,0,,,0,,,0,,,0,84,98.81,1.19,0.0,0.0,0.0,0.0,0.0,97.62
210,Snohomish 14444659,Dave Somers,Democratic,161,Write-In,None3,15,,,0,,,0,,,0,,,0,,,0,176,91.48,8.52,0.0,0.0,0.0,0.0,0.0,82.96
211,Snohomish 14444660,Dave Somers,Democratic,262,Write-In,None3,14,,,0,,,0,,,0,,,0,,,0,276,94.93,5.07,0.0,0.0,0.0,0.0,0.0,89.86
212,Snohomish 14444684,Dave Somers,Democratic,204,Write-In,None3,15,,,0,,,0,,,0,,,0,,,0,219,93.15,6.85,0.0,0.0,0.0,0.0,0.0,86.3
213,Snohomish 14444693,Dave Somers,Democratic,184,Write-In,None3,3,,,0,,,0,,,0,,,0,,,0,187,98.4,1.6,0.0,0.0,0.0,0.0,0.0,96.8
214,Snohomish 14451014,Dave Somers,Democratic,245,Write-In,None3,22,,,0,,,0,,,0,,,0,,,0,267,91.76,8.24,0.0,0.0,0.0,0.0,0.0,83.52
215,Snohomish 14451038,Dave Somers,Democratic,220,Write-In,None3,9,,,0,,,0,,,0,,,0,,,0,229,96.07,3.93,0.0,0.0,0.0,0.0,0.0,92.14
216,Snohomish 14451056,Dave Somers,Democratic,308,Write-In,None3,23,,,0,,,0,,,0,,,0,,,0,331,93.05,6.95,0.0,0.0,0.0,0.0,0.0,86.1
217,Snohomish 14451134,Dave Somers,Democratic,253,Write-In,None3,34,,,0,,,0,,,0,,,0,,,0,287,88.15,11.85,0.0,0.0,0.0,0.0,0.0,76.3
218,Snohomish 14451135,Dave Somers,Democratic,240,Write-In,None3,20,,,0,,,0,,,0,,,0,,,0,260,92.31,7.69,0.0,0.0,0.0,0.0,0.0,84.62
219,Snohomish 14451144,Dave Somers,Democratic,197,Write-In,None3,13,,,0,,,0,,,0,,,0,,,0,210,93.81,6.19,0.0,0.0,0.0,0.0,0.0,87.62
220,Snohomish 14451145,Dave Somers,Democratic,241,Write-In,None3,23,,,0,,,0,,,0,,,0,,,0,264,91.29,8.71,0.0,0.0,0.0,0.0,0.0,82.58
221,Snohomish 14451349,Dave Somers,Democratic,277,Write-In,None3,21,,,0,,,0,,,0,,,0,,,0,298,92.95,7.05,0.0,0.0,0.0,0.0,0.0,85.9
222,Snohomish 14451418,Dave Somers,Democratic,196,Write-In,None3,16,,,0,,,0,,,0,,,0,,,0,212,92.45,7.55,0.0,0.0,0.0,0.0,0.0,84.9
223,Snohomish 14451436,Dave Somers,Democratic,170,Write-In,None3,13,,,0,,,0,,,0,,,0,,,0,183,92.9,7.1,0.0,0.0,0.0,0.0,0.0,85.8
224,Snohomish 14451437,Dave Somers,Democratic,200,Write-In,None3,15,,,0,,,0,,,0,,,0,,,0,215,93.02,6.98,0.0,0.0,0.0,0.0,0.0,86.04
225,Snohomish 14451438,Dave Somers,Democratic,130,Write-In,None3,9,,,0,,,0,,,0,,,0,,,0,139,93.53,6.47,0.0,0.0,0.0,0.0,0.0,87.06
226,Snohomish 14451503,Dave Somers,Democratic,185,Write-In,None3,14,,,0,,,0,,,0,,,0,,,0,199,92.96,7.04,0.0,0.0,0.0,0.0,0.0,85.92
227,Snohomish 14451508,Dave Somers,Democratic,140,Write-In,None3,1,,,0,,,0,,,0,,,0,,,0,141,99.29,0.71,0.0,0.0,0.0,0.0,0.0,98.58
228,Snohomish 14451536,Dave Somers,Democratic,259,Write-In,None3,13,,,0,,,0,,,0,,,0,,,0,272,95.22,4.78,0.0,0.0,0.0,0.0,0.0,90.44
229,Snohomish 14451625,Dave Somers,Democratic,165,Write-In,None3,9,,,0,,,0,,,0,,,0,,,0,174,94.83,5.17,0.0,0.0,0.0,0.0,0.0,89.66
230,Snohomish 14451649,Dave Somers,Democratic,197,Write-In,None3,14,,,0,,,0,,,0,,,0,,,0,211,93.36,6.64,0.0,0.0,0.0,0.0,0.0,86.72
231,Snohomish 14451663,Dave Somers,Democratic,191,Write-In,None3,30,,,0,,,0,,,0,,,0,,,0,221,86.43,13.57,0.0,0.0,0.0,0.0,0.0,72.86
232,Snohomish 14451664,Dave Somers,Democratic,198,Write-In,None3,20,,,0,,,0,,,0,,,0,,,0,218,90.83,9.17,0.0,0.0,0.0,0.0,0.0,81.66
233,Snohomish 14451671,Dave Somers,Democratic,112,Write-In,None3,19,,,0,,,0,,,0,,,0,,,0,131,85.5,14.5,0.0,0.0,0.0,0.0,0.0,71.0
234,Snohomish 14451672,Dave Somers,Democratic,156,Write-In,None3,11,,,0,,,0,,,0,,,0,,,0,167,93.41,6.59,0.0,0.0,0.0,0.0,0.0,86.82
235,Snohomish 14451673,Dave Somers,Democratic,215,Write-In,None3,5,,,0,,,0,,,0,,,0,,,0,220,97.73,2.27,0.0,0.0,0.0,0.0,0.0,95.46
236,Snohomish 14451674,Dave Somers,Democratic,182,Write-In,None3,13,,,0,,,0,,,0,,,0,,,0,195,93.33,6.67,0.0,0.0,0.0,0.0,0.0,86.66
237,Snohomish 14451675,Dave Somers,Democratic,278,Write-In,None3,15,,,0,,,0,,,0,,,0,,,0,293,94.88,5.12,0.0,0.0,0.0,0.0,0.0,89.76
238,Snohomish 14451709,Dave Somers,Democratic,114,Write-In,None3,13,,,0,,,0,,,0,,,0,,,0,127,89.76,10.24,0.0,0.0,0.0,0.0,0.0,79.52
239,Snohomish 14451716,Dave Somers,Democratic,176,Write-In,None3,8,,,0,,,0,,,0,,,0,,,0,184,95.65,4.35,0.0,0.0,0.0,0.0,0.0,91.3
240,Snohomish 14451717,Dave Somers,Democratic,234,Write-In,None3,18,,,0,,,0,,,0,,,0,,,0,252,92.86,7.14,0.0,0.0,0.0,0.0,0.0,85.72
241,Snohomish 14451718,Dave Somers,Democratic,192,Write-In,None3,12,,,0,,,0,,,0,,,0,,,0,204,94.12,5.88,0.0,0.0,0.0,0.0,0.0,88.24
242,Snohomish 14451719,Dave Somers,Democratic,160,Write-In,None3,10,,,0,,,0,,,0,,,0,,,0,170,94.12,5.88,0.0,0.0,0.0,0.0,0.0,88.24
243,Snohomish 14451720,Dave Somers,Democratic,193,Write-In,None3,14,,,0,,,0,,,0,,,0,,,0,207,93.24,6.76,0.0,0.0,0.0,0.0,0.0,86.48
244,Snohomish 14451721,Dave Somers,Democratic,229,Write-In,None3,8,,,0,,,0,,,0,,,0,,,0,237,96.62,3.38,0.0,0.0,0.0,0.0,0.0,93.24
245,Snohomish 14451722,Dave Somers,Democratic,192,Write-In,None3,18,,,0,,,0,,,0,,,0,,,0,210,91.43,8.57,0.0,0.0,0.0,0.0,0.0,82.86
246,Snohomish 14451723,Dave Somers,Democratic,191,Write-In,None3,15,,,0,,,0,,,0,,,0,,,0,206,92.72,7.28,0.0,0.0,0.0,0.0,0.0,85.44
247,Snohomish 14451724,Dave Somers,Democratic,214,Write-In,None3,15,,,0,,,0,,,0,,,0,,,0,229,93.45,6.55,0.0,0.0,0.0,0.0,0.0,86.9
248,Snohomish 14451725,Dave Somers,Democratic,121,Write-In,None3,10,,,0,,,0,,,0,,,0,,,0,131,92.37,7.63,0.0,0.0,0.0,0.0,0.0,84.74
249,Snohomish 14451726,Dave Somers,Democratic,146,Write-In,None3,7,,,0,,,0,,,0,,,0,,,0,153,95.42,4.58,0.0,0.0,0.0,0.0,0.0,90.84
250,Snohomish 14451727,Dave Somers,Democratic,114,Write-In,None3,4,,,0,,,0,,,0,,,0,,,0,118,96.61,3.39,0.0,0.0,0.0,0.0,0.0,93.22
251,Snohomish 14451757,Dave Somers,Democratic,198,Write-In,None3,22,,,0,,,0,,,0,,,0,,,0,220,90.0,10.0,0.0,0.0,0.0,0.0,0.0,80.0
252,Snohomish 14451774,Dave Somers,Democratic,175,Write-In,None3,25,,,0,,,0,,,0,,,0,,,0,200,87.5,12.5,0.0,0.0,0.0,0.0,0.0,75.0
253,Snohomish 14454012,Dave Somers,Democratic,248,Write-In,None3,17,,,0,,,0,,,0,,,0,,,0,265,93.58,6.42,0.0,0.0,0.0,0.0,0.0,87.16
254,Snohomish 14454017,Dave Somers,Democratic,138,Write-In,None3,15,,,0,,,0,,,0,,,0,,,0,153,90.2,9.8,0.0,0.0,0.0,0.0,0.0,80.4
255,Snohomish 14454018,Dave Somers,Democratic,15,Write-In,None3,0,,,0,,,0,,,0,,,0,,,0,15,100.0,0.0,0.0,0.0,0.0,0.0,0.0,100.0
256,Snohomish 14454024,Dave Somers,Democratic,175,Write-In,None3,12,,,0,,,0,,,0,,,0,,,0,187,93.58,6.42,0.0,0.0,0.0,0.0,0.0,87.16
257,Snohomish 14454029,Dave Somers,Democratic,215,Write-In,None3,21,,,0,,,0,,,0,,,0,,,0,236,91.1,8.9,0.0,0.0,0.0,0.0,0.0,82.2
258,Snohomish 14454045,Dave Somers,Democratic,248,Write-In,None3,41,,,0,,,0,,,0,,,0,,,0,289,85.81,14.19,0.0,0.0,0.0,0.0,0.0,71.62
259,Snohomish 14454046,Dave Somers,Democratic,135,Write-In,None3,6,,,0,,,0,,,0,,,0,,,0,141,95.74,4.26,0.0,0.0,0.0,0.0,0.0,91.48
260,Snohomish 14454052,Dave Somers,Democratic,209,Write-In,None3,12,,,0,,,0,,,0,,,0,,,0,221,94.57,5.43,0.0,0.0,0.0,0.0,0.0,89.14
261,Snohomish 14454059,Dave Somers,Democratic,206,Write-In,None3,24,,,0,,,0,,,0,,,0,,,0,230,89.57,10.43,0.0,0.0,0.0,0.0,0.0,79.14
262,Snohomish 14454066,Dave Somers,Democratic,174,Write-In,None3,13,,,0,,,0,,,0,,,0,,,0,187,93.05,6.95,0.0,0.0,0.0,0.0,0.0,86.1
263,Snohomish 14454067,Dave Somers,Democratic,114,Write-In,None3,15,,,0,,,0,,,0,,,0,,,0,129,88.37,11.63,0.0,0.0,0.0,0.0,0.0,76.74
264,Snohomish 14454072,Dave Somers,Democratic,104,Write-In,None3,10,,,0,,,0,,,0,,,0,,,0,114,91.23,8.77,0.0,0.0,0.0,0.0,0.0,82.46
265,Snohomish 14454075,Dave Somers,Democratic,183,Write-In,None3,11,,,0,,,0,,,0,,,0,,,0,194,94.33,5.67,0.0,0.0,0.0,0.0,0.0,88.66
266,Snohomish 14454291,Dave Somers,Democratic,168,Write-In,None3,19,,,0,,,0,,,0,,,0,,,0,187,89.84,10.16,0.0,0.0,0.0,0.0,0.0,79.68
267,Snohomish 14454300,Dave Somers,Democratic,151,Write-In,None3,10,,,0,,,0,,,0,,,0,,,0,161,93.79,6.21,0.0,0.0,0.0,0.0,0.0,87.58
268,Snohomish 14454311,Dave Somers,Democratic,6,Write-In,None3,1,,,0,,,0,,,0,,,0,,,0,7,85.71,14.29,0.0,0.0,0.0,0.0,0.0,71.42
269,Snohomish 14454312,Dave Somers,Democratic,246,Write-In,None3,16,,,0,,,0,,,0,,,0,,,0,262,93.89,6.11,0.0,0.0,0.0,0.0,0.0,87.78
270,Snohomish 14454313,Dave Somers,Democratic,217,Write-In,None3,21,,,0,,,0,,,0,,,0,,,0,238,91.18,8.82,0.0,0.0,0.0,0.0,0.0,82.36
271,Snohomish 14454315,Dave Somers,Democratic,234,Write-In,None3,13,,,0,,,0,,,0,,,0,,,0,247,94.74,5.26,0.0,0.0,0.0,0.0,0.0,89.48
272,Snohomish 14454336,Dave Somers,Democratic,154,Write-In,None3,12,,,0,,,0,,,0,,,0,,,0,166,92.77,7.23,0.0,0.0,0.0,0.0,0.0,85.54
273,Snohomish 14454339,Dave Somers,Democratic,229,Write-In,None3,11,,,0,,,0,,,0,,,0,,,0,240,95.42,4.58,0.0,0.0,0.0,0.0,0.0,90.84
274,Snohomish 14454345,Dave Somers,Democratic,175,Write-In,None3,18,,,0,,,0,,,0,,,0,,,0,193,90.67,9.33,0.0,0.0,0.0,0.0,0.0,81.34
275,Snohomish 14454358,Dave Somers,Democratic,24,Write-In,None3,0,,,0,,,0,,,0,,,0,,,0,24,100.0,0.0,0.0,0.0,0.0,0.0,0.0,100.0
276,Snohomish 14454364,Dave Somers,Democratic,166,Write-In,None3,5,,,0,,,0,,,0,,,0,,,0,171,97.08,2.92,0.0,0.0,0.0,0.0,0.0,94.16
277,Snohomish 14454366,Dave Somers,Democratic,107,Write-In,None3,6,,,0,,,0,,,0,,,0,,,0,113,94.69,5.31,0.0,0.0,0.0,0.0,0.0,89.38
278,Snohomish 14454458,Dave Somers,Democratic,211,Write-In,None3,13,,,0,,,0,,,0,,,0,,,0,224,94.2,5.8,0.0,0.0,0.0,0.0,0.0,88.4
279,Snohomish 14454464,Dave Somers,Democratic,188,Write-In,None3,13,,,0,,,0,,,0,,,0,,,0,201,93.53,6.47,0.0,0.0,0.0,0.0,0.0,87.06
280,Snohomish 14454477,Dave Somers,Democratic,162,Write-In,None3,11,,,0,,,0,,,0,,,0,,,0,173,93.64,6.36,0.0,0.0,0.0,0.0,0.0,87.28
281,Snohomish 14454478,Dave Somers,Democratic,200,Write-In,None3,24,,,0,,,0,,,0,,,0,,,0,224,89.29,10.71,0.0,0.0,0.0,0.0,0.0,78.58
282,Snohomish 14454480,Dave Somers,Democratic,222,Write-In,None3,8,,,0,,,0,,,0,,,0,,,0,230,96.52,3.48,0.0,0.0,0.0,0.0,0.0,93.04
283,Snohomish 14454482,Dave Somers,Democratic,105,Write-In,None3,12,,,0,,,0,,,0,,,0,,,0,117,89.74,10.26,0.0,0.0,0.0,0.0,0.0,79.48
284,Snohomish 14454485,Dave Somers,Democratic,28,Write-In,None3,5,,,0,,,0,,,0,,,0,,,0,33,84.85,15.15,0.0,0.0,0.0,0.0,0.0,69.7
285,Snohomish 14454490,Dave Somers,Democratic,239,Write-In,None3,14,,,0,,,0,,,0,,,0,,,0,253,94.47,5.53,0.0,0.0,0.0,0.0,0.0,88.94
286,Snohomish 14454493,Dave Somers,Democratic,121,Write-In,None3,0,,,0,,,0,,,0,,,0,,,0,121,100.0,0.0,0.0,0.0,0.0,0.0,0.0,100.0
287,Snohomish 14454530,Dave Somers,Democratic,169,Write-In,None3,17,,,0,,,0,,,0,,,0,,,0,186,90.86,9.14,0.0,0.0,0.0,0.0,0.0,81.72
288,Snohomish 14454531,Dave Somers,Democratic,196,Write-In,None3,16,,,0,,,0,,,0,,,0,,,0,212,92.45,7.55,0.0,0.0,0.0,0.0,0.0,84.9
289,Snohomish 14454532,Dave Somers,Democratic,64,Write-In,None3,8,,,0,,,0,,,0,,,0,,,0,72,88.89,11.11,0.0,0.0,0.0,0.0,0.0,77.78
290,Snohomish 14454549,Dave Somers,Democratic,146,Write-In,None3,17,,,0,,,0,,,0,,,0,,,0,163,89.57,10.43,0.0,0.0,0.0,0.0,0.0,79.14
291,Snohomish 14454554,Dave Somers,Democratic,61,Write-In,None3,10,,,0,,,0,,,0,,,0,,,0,71,85.92,14.08,0.0,0.0,0.0,0.0,0.0,71.84
292,Snohomish 14454580,Dave Somers,Democratic,200,Write-In,None3,16,,,0,,,0,,,0,,,0,,,0,216,92.59,7.41,0.0,0.0,0.0,0.0,0.0,85.18
293,Snohomish 14454585,Dave Somers,Democratic,12,Write-In,None3,0,,,0,,,0,,,0,,,0,,,0,12,100.0,0.0,0.0,0.0,0.0,0.0,0.0,100.0
294,Snohomish 14454588,Dave Somers,Democratic,156,Write-In,None3,13,,,0,,,0,,,0,,,0,,,0,169,92.31,7.69,0.0,0.0,0.0,0.0,0.0,84.62
295,Snohomish 14454634,Dave Somers,Democratic,210,Write-In,None3,21,,,0,,,0,,,0,,,0,,,0,231,90.91,9.09,0.0,0.0,0.0,0.0,0.0,81.82
296,Snohomish 14454648,Dave Somers,Democratic,104,Write-In,None3,8,,,0,,,0,,,0,,,0,,,0,112,92.86,7.14,0.0,0.0,0.0,0.0,0.0,85.72
297,Snohomish 14454706,Dave Somers,Democratic,193,Write-In,None3,15,,,0,,,0,,,0,,,0,,,0,208,92.79,7.21,0.0,0.0,0.0,0.0,0.0,85.58
298,Snohomish 14454782,Dave Somers,Democratic,66,Write-In,None3,6,,,0,,,0,,,0,,,0,,,0,72,91.67,8.33,0.0,0.0,0.0,0.0,0.0,83.34
299,Snohomish 14454784,Dave Somers,Democratic,156,Write-In,None3,11,,,0,,,0,,,0,,,0,,,0,167,93.41,6.59,0.0,0.0,0.0,0.0,0.0,86.82
300,Snohomish 20131777,Dave Somers,Democratic,1,Write-In,None3,0,,,0,,,0,,,0,,,0,,,0,1,100.0,0.0,0.0,0.0,0.0,0.0,0.0,100.0
301,Snohomish 20134083,Dave Somers,Democratic,207,Write-In,None3,11,,,0,,,0,,,0,,,0,,,0,218,94.95,5.05,0.0,0.0,0.0,0.0,0.0,89.9
302,Snohomish 20134196,Dave Somers,Democratic,191,Write-In,None3,4,,,0,,,0,,,0,,,0,,,0,195,97.95,2.05,0.0,0.0,0.0,0.0,0.0,95.9
303,Snohomish 20134316,Dave Somers,Democratic,127,Write-In,None3,5,,,0,,,0,,,0,,,0,,,0,132,96.21,3.79,0.0,0.0,0.0,0.0,0.0,92.42
304,Snohomish 20134690,Dave Somers,Democratic,62,Write-In,None3,2,,,0,,,0,,,0,,,0,,,0,64,96.88,3.12,0.0,0.0,0.0,0.0,0.0,93.76
305,Snohomish 20134776,Dave Somers,Democratic,143,Write-In,None3,9,,,0,,,0,,,0,,,0,,,0,152,94.08,5.92,0.0,0.0,0.0,0.0,0.0,88.16
306,Snohomish 20141090,Dave Somers,Democratic,190,Write-In,None3,15,,,0,,,0,,,0,,,0,,,0,205,92.68,7.32,0.0,0.0,0.0,0.0,0.0,85.36
307,Snohomish 20141091,Dave Somers,Democratic,258,Write-In,None3,10,,,0,,,0,,,0,,,0,,,0,268,96.27,3.73,0.0,0.0,0.0,0.0,0.0,92.54
308,Snohomish 20141092,Dave Somers,Democratic,223,Write-In,None3,10,,,0,,,0,,,0,,,0,,,0,233,95.71,4.29,0.0,0.0,0.0,0.0,0.0,91.42
309,Snohomish 20141093,Dave Somers,Democratic,219,Write-In,None3,6,,,0,,,0,,,0,,,0,,,0,225,97.33,2.67,0.0,0.0,0.0,0.0,0.0,94.66
310,Snohomish 20141094,Dave Somers,Democratic,175,Write-In,None3,9,,,0,,,0,,,0,,,0,,,0,184,95.11,4.89,0.0,0.0,0.0,0.0,0.0,90.22
311,Snohomish 20141138,Dave Somers,Democratic,219,Write-In,None3,4,,,0,,,0,,,0,,,0,,,0,223,98.21,1.79,0.0,0.0,0.0,0.0,0.0,96.42
312,Snohomish 20141139,Dave Somers,Democratic,245,Write-In,None3,5,,,0,,,0,,,0,,,0,,,0,250,98.0,2.0,0.0,0.0,0.0,0.0,0.0,96.0
313,Snohomish 20141140,Dave Somers,Democratic,244,Write-In,None3,9,,,0,,,0,,,0,,,0,,,0,253,96.44,3.56,0.0,0.0,0.0,0.0,0.0,92.88
314,Snohomish 20141141,Dave Somers,Democratic,237,Write-In,None3,7,,,0,,,0,,,0,,,0,,,0,244,97.13,2.87,0.0,0.0,0.0,0.0,0.0,94.26
315,Snohomish 20141142,Dave Somers,Democratic,206,Write-In,None3,6,,,0,,,0,,,0,,,0,,,0,212,97.17,2.83,0.0,0.0,0.0,0.0,0.0,94.34
316,Snohomish 20141179,Dave Somers,Democratic,216,Write-In,None3,8,,,0,,,0,,,0,,,0,,,0,224,96.43,3.57,0.0,0.0,0.0,0.0,0.0,92.86
317,Snohomish 20141180,Dave Somers,Democratic,158,Write-In,None3,12,,,0,,,0,,,0,,,0,,,0,170,92.94,7.06,0.0,0.0,0.0,0.0,0.0,85.88
318,Snohomish 20141181,Dave Somers,Democratic,323,Write-In,None3,12,,,0,,,0,,,0,,,0,,,0,335,96.42,3.58,0.0,0.0,0.0,0.0,0.0,92.84
319,Snohomish 20141189,Dave Somers,Democratic,330,Write-In,None3,4,,,0,,,0,,,0,,,0,,,0,334,98.8,1.2,0.0,0.0,0.0,0.0,0.0,97.6
320,Snohomish 20141190,Dave Somers,Democratic,199,Write-In,None3,9,,,0,,,0,,,0,,,0,,,0,208,95.67,4.33,0.0,0.0,0.0,0.0,0.0,91.34
321,Snohomish 20141191,Dave Somers,Democratic,220,Write-In,None3,6,,,0,,,0,,,0,,,0,,,0,226,97.35,2.65,0.0,0.0,0.0,0.0,0.0,94.7
322,Snohomish 20141276,Dave Somers,Democratic,226,Write-In,None3,6,,,0,,,0,,,0,,,0,,,0,232,97.41,2.59,0.0,0.0,0.0,0.0,0.0,94.82
323,Snohomish 20141277,Dave Somers,Democratic,251,Write-In,None3,7,,,0,,,0,,,0,,,0,,,0,258,97.29,2.71,0.0,0.0,0.0,0.0,0.0,94.58
324,Snohomish 20141343,Dave Somers,Democratic,168,Write-In,None3,4,,,0,,,0,,,0,,,0,,,0,172,97.67,2.33,0.0,0.0,0.0,0.0,0.0,95.34
325,Snohomish 20141344,Dave Somers,Democratic,165,Write-In,None3,9,,,0,,,0,,,0,,,0,,,0,174,94.83,5.17,0.0,0.0,0.0,0.0,0.0,89.66
326,Snohomish 20141432,Dave Somers,Democratic,144,Write-In,None3,4,,,0,,,0,,,0,,,0,,,0,148,97.3,2.7,0.0,0.0,0.0,0.0,0.0,94.6
327,Snohomish 20141614,Dave Somers,Democratic,168,Write-In,None3,14,,,0,,,0,,,0,,,0,,,0,182,92.31,7.69,0.0,0.0,0.0,0.0,0.0,84.62
328,Snohomish 20141630,Dave Somers,Democratic,176,Write-In,None3,5,,,0,,,0,,,0,,,0,,,0,181,97.24,2.76,0.0,0.0,0.0,0.0,0.0,94.48
329,Snohomish 20144065,Dave Somers,Democratic,202,Write-In,None3,10,,,0,,,0,,,0,,,0,,,0,212,95.28,4.72,0.0,0.0,0.0,0.0,0.0,90.56
330,Snohomish 20144078,Dave Somers,Democratic,175,Write-In,None3,8,,,0,,,0,,,0,,,0,,,0,183,95.63,4.37,0.0,0.0,0.0,0.0,0.0,91.26
331,Snohomish 20144085,Dave Somers,Democratic,139,Write-In,None3,8,,,0,,,0,,,0,,,0,,,0,147,94.56,5.44,0.0,0.0,0.0,0.0,0.0,89.12
332,Snohomish 20144089,Dave Somers,Democratic,2,Write-In,None3,1,,,0,,,0,,,0,,,0,,,0,3,66.67,33.33,0.0,0.0,0.0,0.0,0.0,33.34
333,Snohomish 20144136,Dave Somers,Democratic,210,Write-In,None3,12,,,0,,,0,,,0,,,0,,,0,222,94.59,5.41,0.0,0.0,0.0,0.0,0.0,89.18
334,Snohomish 20144146,Dave Somers,Democratic,189,Write-In,None3,10,,,0,,,0,,,0,,,0,,,0,199,94.97,5.03,0.0,0.0,0.0,0.0,0.0,89.94
335,Snohomish 20144177,Dave Somers,Democratic,231,Write-In,None3,11,,,0,,,0,,,0,,,0,,,0,242,95.45,4.55,0.0,0.0,0.0,0.0,0.0,90.9
336,Snohomish 20144212,Dave Somers,Democratic,260,Write-In,None3,14,,,0,,,0,,,0,,,0,,,0,274,94.89,5.11,0.0,0.0,0.0,0.0,0.0,89.78
337,Snohomish 20144213,Dave Somers,Democratic,274,Write-In,None3,12,,,0,,,0,,,0,,,0,,,0,286,95.8,4.2,0.0,0.0,0.0,0.0,0.0,91.6
338,Snohomish 20144281,Dave Somers,Democratic,160,Write-In,None3,13,,,0,,,0,,,0,,,0,,,0,173,92.49,7.51,0.0,0.0,0.0,0.0,0.0,84.98
339,Snohomish 20144284,Dave Somers,Democratic,206,Write-In,None3,4,,,0,,,0,,,0,,,0,,,0,210,98.1,1.9,0.0,0.0,0.0,0.0,0.0,96.2
340,Snohomish 20144324,Dave Somers,Democratic,208,Write-In,None3,11,,,0,,,0,,,0,,,0,,,0,219,94.98,5.02,0.0,0.0,0.0,0.0,0.0,89.96
341,Snohomish 20144446,Dave Somers,Democratic,265,Write-In,None3,8,,,0,,,0,,,0,,,0,,,0,273,97.07,2.93,0.0,0.0,0.0,0.0,0.0,94.14
342,Snohomish 20144596,Dave Somers,Democratic,212,Write-In,None3,2,,,0,,,0,,,0,,,0,,,0,214,99.07,0.93,0.0,0.0,0.0,0.0,0.0,98.14
343,Snohomish 20144705,Dave Somers,Democratic,177,Write-In,None3,10,,,0,,,0,,,0,,,0,,,0,187,94.65,5.35,0.0,0.0,0.0,0.0,0.0,89.3
344,Snohomish 20144775,Dave Somers,Democratic,82,Write-In,None3,5,,,0,,,0,,,0,,,0,,,0,87,94.25,5.75,0.0,0.0,0.0,0.0,0.0,88.5
345,Snohomish 21011199,Dave Somers,Democratic,114,Write-In,None3,13,,,0,,,0,,,0,,,0,,,0,127,89.76,10.24,0.0,0.0,0.0,0.0,0.0,79.52
346,Snohomish 21011200,Dave Somers,Democratic,179,Write-In,None3,12,,,0,,,0,,,0,,,0,,,0,191,93.72,6.28,0.0,0.0,0.0,0.0,0.0,87.44
347,Snohomish 21011509,Dave Somers,Democratic,164,Write-In,None3,4,,,0,,,0,,,0,,,0,,,0,168,97.62,2.38,0.0,0.0,0.0,0.0,0.0,95.24
348,Snohomish 21011641,Dave Somers,Democratic,262,Write-In,None3,13,,,0,,,0,,,0,,,0,,,0,275,95.27,4.73,0.0,0.0,0.0,0.0,0.0,90.54
349,Snohomish 21011669,Dave Somers,Democratic,298,Write-In,None3,17,,,0,,,0,,,0,,,0,,,0,315,94.6,5.4,0.0,0.0,0.0,0.0,0.0,89.2
350,Snohomish 21011711,Dave Somers,Democratic,151,Write-In,None3,14,,,0,,,0,,,0,,,0,,,0,165,91.52,8.48,0.0,0.0,0.0,0.0,0.0,83.04
351,Snohomish 21011712,Dave Somers,Democratic,113,Write-In,None3,12,,,0,,,0,,,0,,,0,,,0,125,90.4,9.6,0.0,0.0,0.0,0.0,0.0,80.8
352,Snohomish 21014002,Dave Somers,Democratic,63,Write-In,None3,6,,,0,,,0,,,0,,,0,,,0,69,91.3,8.7,0.0,0.0,0.0,0.0,0.0,82.6
353,Snohomish 21014004,Dave Somers,Democratic,267,Write-In,None3,22,,,0,,,0,,,0,,,0,,,0,289,92.39,7.61,0.0,0.0,0.0,0.0,0.0,84.78
354,Snohomish 21014022,Dave Somers,Democratic,182,Write-In,None3,16,,,0,,,0,,,0,,,0,,,0,198,91.92,8.08,0.0,0.0,0.0,0.0,0.0,83.84
355,Snohomish 21014025,Dave Somers,Democratic,150,Write-In,None3,9,,,0,,,0,,,0,,,0,,,0,159,94.34,5.66,0.0,0.0,0.0,0.0,0.0,88.68
356,Snohomish 21014030,Dave Somers,Democratic,45,Write-In,None3,3,,,0,,,0,,,0,,,0,,,0,48,93.75,6.25,0.0,0.0,0.0,0.0,0.0,87.5
357,Snohomish 21014037,Dave Somers,Democratic,120,Write-In,None3,18,,,0,,,0,,,0,,,0,,,0,138,86.96,13.04,0.0,0.0,0.0,0.0,0.0,73.92
358,Snohomish 21014061,Dave Somers,Democratic,144,Write-In,None3,29,,,0,,,0,,,0,,,0,,,0,173,83.24,16.76,0.0,0.0,0.0,0.0,0.0,66.48
359,Snohomish 21014073,Dave Somers,Democratic,240,Write-In,None3,18,,,0,,,0,,,0,,,0,,,0,258,93.02,6.98,0.0,0.0,0.0,0.0,0.0,86.04
360,Snohomish 21014087,Dave Somers,Democratic,212,Write-In,None3,14,,,0,,,0,,,0,,,0,,,0,226,93.81,6.19,0.0,0.0,0.0,0.0,0.0,87.62
361,Snohomish 21014296,Dave Somers,Democratic,137,Write-In,None3,27,,,0,,,0,,,0,,,0,,,0,164,83.54,16.46,0.0,0.0,0.0,0.0,0.0,67.08
362,Snohomish 21014319,Dave Somers,Democratic,114,Write-In,None3,16,,,0,,,0,,,0,,,0,,,0,130,87.69,12.31,0.0,0.0,0.0,0.0,0.0,75.38
363,Snohomish 21014323,Dave Somers,Democratic,191,Write-In,None3,10,,,0,,,0,,,0,,,0,,,0,201,95.02,4.98,0.0,0.0,0.0,0.0,0.0,90.04
364,Snohomish 21014332,Dave Somers,Democratic,224,Write-In,None3,21,,,0,,,0,,,0,,,0,,,0,245,91.43,8.57,0.0,0.0,0.0,0.0,0.0,82.86
365,Snohomish 21014352,Dave Somers,Democratic,159,Write-In,None3,20,,,0,,,0,,,0,,,0,,,0,179,88.83,11.17,0.0,0.0,0.0,0.0,0.0,77.66
366,Snohomish 21014457,Dave Somers,Democratic,119,Write-In,None3,6,,,0,,,0,,,0,,,0,,,0,125,95.2,4.8,0.0,0.0,0.0,0.0,0.0,90.4
367,Snohomish 21014483,Dave Somers,Democratic,225,Write-In,None3,26,,,0,,,0,,,0,,,0,,,0,251,89.64,10.36,0.0,0.0,0.0,0.0,0.0,79.28
368,Snohomish 21014502,Dave Somers,Democratic,199,Write-In,None3,18,,,0,,,0,,,0,,,0,,,0,217,91.71,8.29,0.0,0.0,0.0,0.0,0.0,83.42
369,Snohomish 21014545,Dave Somers,Democratic,118,Write-In,None3,19,,,0,,,0,,,0,,,0,,,0,137,86.13,13.87,0.0,0.0,0.0,0.0,0.0,72.26
370,Snohomish 21014638,Dave Somers,Democratic,200,Write-In,None3,32,,,0,,,0,,,0,,,0,,,0,232,86.21,13.79,0.0,0.0,0.0,0.0,0.0,72.42
371,Snohomish 21014682,Dave Somers,Democratic,115,Write-In,None3,16,,,0,,,0,,,0,,,0,,,0,131,87.79,12.21,0.0,0.0,0.0,0.0,0.0,75.58
372,Snohomish 21014700,Dave Somers,Democratic,187,Write-In,None3,19,,,0,,,0,,,0,,,0,,,0,206,90.78,9.22,0.0,0.0,0.0,0.0,0.0,81.56
373,Snohomish 21014708,Dave Somers,Democratic,164,Write-In,None3,20,,,0,,,0,,,0,,,0,,,0,184,89.13,10.87,0.0,0.0,0.0,0.0,0.0,78.26
374,Snohomish 21014714,Dave Somers,Democratic,267,Write-In,None3,16,,,0,,,0,,,0,,,0,,,0,283,94.35,5.65,0.0,0.0,0.0,0.0,0.0,88.7
375,Snohomish 21014779,Dave Somers,Democratic,82,Write-In,None3,15,,,0,,,0,,,0,,,0,,,0,97,84.54,15.46,0.0,0.0,0.0,0.0,0.0,69.08
376,Snohomish 22121192,Dave Somers,Democratic,304,Write-In,None3,11,,,0,,,0,,,0,,,0,,,0,315,96.51,3.49,0.0,0.0,0.0,0.0,0.0,93.02
377,Snohomish 22121193,Dave Somers,Democratic,351,Write-In,None3,20,,,0,,,0,,,0,,,0,,,0,371,94.61,5.39,0.0,0.0,0.0,0.0,0.0,89.22
378,Snohomish 22121194,Dave Somers,Democratic,206,Write-In,None3,8,,,0,,,0,,,0,,,0,,,0,214,96.26,3.74,0.0,0.0,0.0,0.0,0.0,92.52
379,Snohomish 22121259,Dave Somers,Democratic,140,Write-In,None3,7,,,0,,,0,,,0,,,0,,,0,147,95.24,4.76,0.0,0.0,0.0,0.0,0.0,90.48
380,Snohomish 22121260,Dave Somers,Democratic,181,Write-In,None3,17,,,0,,,0,,,0,,,0,,,0,198,91.41,8.59,0.0,0.0,0.0,0.0,0.0,82.82
381,Snohomish 22121262,Dave Somers,Democratic,159,Write-In,None3,7,,,0,,,0,,,0,,,0,,,0,166,95.78,4.22,0.0,0.0,0.0,0.0,0.0,91.56
382,Snohomish 22121263,Dave Somers,Democratic,299,Write-In,None3,21,,,0,,,0,,,0,,,0,,,0,320,93.44,6.56,0.0,0.0,0.0,0.0,0.0,86.88
383,Snohomish 22121306,Dave Somers,Democratic,181,Write-In,None3,17,,,0,,,0,,,0,,,0,,,0,198,91.41,8.59,0.0,0.0,0.0,0.0,0.0,82.82
384,Snohomish 22121307,Dave Somers,Democratic,182,Write-In,None3,16,,,0,,,0,,,0,,,0,,,0,198,91.92,8.08,0.0,0.0,0.0,0.0,0.0,83.84
385,Snohomish 22121355,Dave Somers,Democratic,202,Write-In,None3,4,,,0,,,0,,,0,,,0,,,0,206,98.06,1.94,0.0,0.0,0.0,0.0,0.0,96.12
386,Snohomish 22121378,Dave Somers,Democratic,239,Write-In,None3,8,,,0,,,0,,,0,,,0,,,0,247,96.76,3.24,0.0,0.0,0.0,0.0,0.0,93.52
387,Snohomish 22121379,Dave Somers,Democratic,394,Write-In,None3,17,,,0,,,0,,,0,,,0,,,0,411,95.86,4.14,0.0,0.0,0.0,0.0,0.0,91.72
388,Snohomish 22121380,Dave Somers,Democratic,248,Write-In,None3,14,,,0,,,0,,,0,,,0,,,0,262,94.66,5.34,0.0,0.0,0.0,0.0,0.0,89.32
389,Snohomish 22121381,Dave Somers,Democratic,264,Write-In,None3,5,,,0,,,0,,,0,,,0,,,0,269,98.14,1.86,0.0,0.0,0.0,0.0,0.0,96.28
390,Snohomish 22121382,Dave Somers,Democratic,287,Write-In,None3,17,,,0,,,0,,,0,,,0,,,0,304,94.41,5.59,0.0,0.0,0.0,0.0,0.0,88.82
391,Snohomish 22121383,Dave Somers,Democratic,296,Write-In,None3,10,,,0,,,0,,,0,,,0,,,0,306,96.73,3.27,0.0,0.0,0.0,0.0,0.0,93.46
392,Snohomish 22121400,Dave Somers,Democratic,234,Write-In,None3,13,,,0,,,0,,,0,,,0,,,0,247,94.74,5.26,0.0,0.0,0.0,0.0,0.0,89.48
393,Snohomish 22121405,Dave Somers,Democratic,97,Write-In,None3,4,,,0,,,0,,,0,,,0,,,0,101,96.04,3.96,0.0,0.0,0.0,0.0,0.0,92.08
394,Snohomish 22121406,Dave Somers,Democratic,176,Write-In,None3,18,,,0,,,0,,,0,,,0,,,0,194,90.72,9.28,0.0,0.0,0.0,0.0,0.0,81.44
395,Snohomish 22121407,Dave Somers,Democratic,211,Write-In,None3,6,,,0,,,0,,,0,,,0,,,0,217,97.24,2.76,0.0,0.0,0.0,0.0,0.0,94.48
396,Snohomish 22121448,Dave Somers,Democratic,66,Write-In,None3,2,,,0,,,0,,,0,,,0,,,0,68,97.06,2.94,0.0,0.0,0.0,0.0,0.0,94.12
397,Snohomish 22121474,Dave Somers,Democratic,276,Write-In,None3,23,,,0,,,0,,,0,,,0,,,0,299,92.31,7.69,0.0,0.0,0.0,0.0,0.0,84.62
398,Snohomish 22121475,Dave Somers,Democratic,186,Write-In,None3,11,,,0,,,0,,,0,,,0,,,0,197,94.42,5.58,0.0,0.0,0.0,0.0,0.0,88.84
399,Snohomish 22121491,Dave Somers,Democratic,139,Write-In,None3,7,,,0,,,0,,,0,,,0,,,0,146,95.21,4.79,0.0,0.0,0.0,0.0,0.0,90.42
400,Snohomish 22121615,Dave Somers,Democratic,157,Write-In,None3,24,,,0,,,0,,,0,,,0,,,0,181,86.74,13.26,0.0,0.0,0.0,0.0,0.0,73.48
401,Snohomish 22121616,Dave Somers,Democratic,30,Write-In,None3,5,,,0,,,0,,,0,,,0,,,0,35,85.71,14.29,0.0,0.0,0.0,0.0,0.0,71.42
402,Snohomish 22121621,Dave Somers,Democratic,166,Write-In,None3,14,,,0,,,0,,,0,,,0,,,0,180,92.22,7.78,0.0,0.0,0.0,0.0,0.0,84.44
403,Snohomish 22121622,Dave Somers,Democratic,139,Write-In,None3,5,,,0,,,0,,,0,,,0,,,0,144,96.53,3.47,0.0,0.0,0.0,0.0,0.0,93.06
404,Snohomish 22121624,Dave Somers,Democratic,3,Write-In,None3,2,,,0,,,0,,,0,,,0,,,0,5,60.0,40.0,0.0,0.0,0.0,0.0,0.0,20.0
405,Snohomish 22121631,Dave Somers,Democratic,301,Write-In,None3,14,,,0,,,0,,,0,,,0,,,0,315,95.56,4.44,0.0,0.0,0.0,0.0,0.0,91.12
406,Snohomish 22121632,Dave Somers,Democratic,54,Write-In,None3,5,,,0,,,0,,,0,,,0,,,0,59,91.53,8.47,0.0,0.0,0.0,0.0,0.0,83.06
407,Snohomish 22121633,Dave Somers,Democratic,247,Write-In,None3,5,,,0,,,0,,,0,,,0,,,0,252,98.02,1.98,0.0,0.0,0.0,0.0,0.0,96.04
408,Snohomish 22121655,Dave Somers,Democratic,186,Write-In,None3,9,,,0,,,0,,,0,,,0,,,0,195,95.38,4.62,0.0,0.0,0.0,0.0,0.0,90.76
409,Snohomish 22121697,Dave Somers,Democratic,84,Write-In,None3,5,,,0,,,0,,,0,,,0,,,0,89,94.38,5.62,0.0,0.0,0.0,0.0,0.0,88.76
410,Snohomish 22121704,Dave Somers,Democratic,153,Write-In,None3,14,,,0,,,0,,,0,,,0,,,0,167,91.62,8.38,0.0,0.0,0.0,0.0,0.0,83.24
411,Snohomish 22124068,Dave Somers,Democratic,33,Write-In,None3,1,,,0,,,0,,,0,,,0,,,0,34,97.06,2.94,0.0,0.0,0.0,0.0,0.0,94.12
412,Snohomish 22124100,Dave Somers,Democratic,174,Write-In,None3,6,,,0,,,0,,,0,,,0,,,0,180,96.67,3.33,0.0,0.0,0.0,0.0,0.0,93.34
413,Snohomish 22124185,Dave Somers,Democratic,195,Write-In,None3,11,,,0,,,0,,,0,,,0,,,0,206,94.66,5.34,0.0,0.0,0.0,0.0,0.0,89.32
414,Snohomish 22124274,Dave Somers,Democratic,207,Write-In,None3,9,,,0,,,0,,,0,,,0,,,0,216,95.83,4.17,0.0,0.0,0.0,0.0,0.0,91.66
415,Snohomish 22124337,Dave Somers,Democratic,178,Write-In,None3,16,,,0,,,0,,,0,,,0,,,0,194,91.75,8.25,0.0,0.0,0.0,0.0,0.0,83.5
416,Snohomish 22124486,Dave Somers,Democratic,126,Write-In,None3,6,,,0,,,0,,,0,,,0,,,0,132,95.45,4.55,0.0,0.0,0.0,0.0,0.0,90.9
417,Snohomish 22124589,Dave Somers,Democratic,35,Write-In,None3,2,,,0,,,0,,,0,,,0,,,0,37,94.59,5.41,0.0,0.0,0.0,0.0,0.0,89.18
418,Snohomish 22124773,Dave Somers,Democratic,46,Write-In,None3,2,,,0,,,0,,,0,,,0,,,0,48,95.83,4.17,0.0,0.0,0.0,0.0,0.0,91.66
419,Snohomish 22131422,Dave Somers,Democratic,202,Write-In,None3,7,,,0,,,0,,,0,,,0,,,0,209,96.65,3.35,0.0,0.0,0.0,0.0,0.0,93.3
420,Snohomish 22131538,Dave Somers,Democratic,125,Write-In,None3,2,,,0,,,0,,,0,,,0,,,0,127,98.43,1.57,0.0,0.0,0.0,0.0,0.0,96.86
421,Snohomish 22134040,Dave Somers,Democratic,236,Write-In,None3,9,,,0,,,0,,,0,,,0,,,0,245,96.33,3.67,0.0,0.0,0.0,0.0,0.0,92.66
422,Snohomish 22134063,Dave Somers,Democratic,178,Write-In,None3,20,,,0,,,0,,,0,,,0,,,0,198,89.9,10.1,0.0,0.0,0.0,0.0,0.0,79.8
423,Snohomish 22134076,Dave Somers,Democratic,161,Write-In,None3,10,,,0,,,0,,,0,,,0,,,0,171,94.15,5.85,0.0,0.0,0.0,0.0,0.0,88.3
424,Snohomish 22134079,Dave Somers,Democratic,209,Write-In,None3,9,,,0,,,0,,,0,,,0,,,0,218,95.87,4.13,0.0,0.0,0.0,0.0,0.0,91.74
425,Snohomish 22134080,Dave Somers,Democratic,173,Write-In,None3,6,,,0,,,0,,,0,,,0,,,0,179,96.65,3.35,0.0,0.0,0.0,0.0,0.0,93.3
426,Snohomish 22134082,Dave Somers,Democratic,210,Write-In,None3,12,,,0,,,0,,,0,,,0,,,0,222,94.59,5.41,0.0,0.0,0.0,0.0,0.0,89.18
427,Snohomish 22134084,Dave Somers,Democratic,211,Write-In,None3,6,,,0,,,0,,,0,,,0,,,0,217,97.24,2.76,0.0,0.0,0.0,0.0,0.0,94.48
428,Snohomish 22134088,Dave Somers,Democratic,175,Write-In,None3,13,,,0,,,0,,,0,,,0,,,0,188,93.09,6.91,0.0,0.0,0.0,0.0,0.0,86.18
429,Snohomish 22134150,Dave Somers,Democratic,219,Write-In,None3,7,,,0,,,0,,,0,,,0,,,0,226,96.9,3.1,0.0,0.0,0.0,0.0,0.0,93.8
430,Snohomish 22134152,Dave Somers,Democratic,128,Write-In,None3,7,,,0,,,0,,,0,,,0,,,0,135,94.81,5.19,0.0,0.0,0.0,0.0,0.0,89.62
431,Snohomish 22134183,Dave Somers,Democratic,197,Write-In,None3,19,,,0,,,0,,,0,,,0,,,0,216,91.2,8.8,0.0,0.0,0.0,0.0,0.0,82.4
432,Snohomish 22134195,Dave Somers,Democratic,168,Write-In,None3,7,,,0,,,0,,,0,,,0,,,0,175,96.0,4.0,0.0,0.0,0.0,0.0,0.0,92.0
433,Snohomish 22134265,Dave Somers,Democratic,147,Write-In,None3,9,,,0,,,0,,,0,,,0,,,0,156,94.23,5.77,0.0,0.0,0.0,0.0,0.0,88.46
434,Snohomish 22134268,Dave Somers,Democratic,308,Write-In,None3,11,,,0,,,0,,,0,,,0,,,0,319,96.55,3.45,0.0,0.0,0.0,0.0,0.0,93.1
435,Snohomish 22134282,Dave Somers,Democratic,165,Write-In,None3,4,,,0,,,0,,,0,,,0,,,0,169,97.63,2.37,0.0,0.0,0.0,0.0,0.0,95.26
436,Snohomish 22134286,Dave Somers,Democratic,178,Write-In,None3,12,,,0,,,0,,,0,,,0,,,0,190,93.68,6.32,0.0,0.0,0.0,0.0,0.0,87.36
437,Snohomish 22134314,Dave Somers,Democratic,158,Write-In,None3,11,,,0,,,0,,,0,,,0,,,0,169,93.49,6.51,0.0,0.0,0.0,0.0,0.0,86.98
438,Snohomish 22134320,Dave Somers,Democratic,246,Write-In,None3,21,,,0,,,0,,,0,,,0,,,0,267,92.13,7.87,0.0,0.0,0.0,0.0,0.0,84.26
439,Snohomish 22134356,Dave Somers,Democratic,155,Write-In,None3,15,,,0,,,0,,,0,,,0,,,0,170,91.18,8.82,0.0,0.0,0.0,0.0,0.0,82.36
440,Snohomish 22134359,Dave Somers,Democratic,162,Write-In,None3,9,,,0,,,0,,,0,,,0,,,0,171,94.74,5.26,0.0,0.0,0.0,0.0,0.0,89.48
441,Snohomish 22134362,Dave Somers,Democratic,199,Write-In,None3,4,,,0,,,0,,,0,,,0,,,0,203,98.03,1.97,0.0,0.0,0.0,0.0,0.0,96.06
442,Snohomish 22134368,Dave Somers,Democratic,117,Write-In,None3,3,,,0,,,0,,,0,,,0,,,0,120,97.5,2.5,0.0,0.0,0.0,0.0,0.0,95.0
443,Snohomish 22134373,Dave Somers,Democratic,155,Write-In,None3,6,,,0,,,0,,,0,,,0,,,0,161,96.27,3.73,0.0,0.0,0.0,0.0,0.0,92.54
444,Snohomish 22134427,Dave Somers,Democratic,192,Write-In,None3,3,,,0,,,0,,,0,,,0,,,0,195,98.46,1.54,0.0,0.0,0.0,0.0,0.0,96.92
445,Snohomish 22134434,Dave Somers,Democratic,77,Write-In,None3,7,,,0,,,0,,,0,,,0,,,0,84,91.67,8.33,0.0,0.0,0.0,0.0,0.0,83.34
446,Snohomish 22134456,Dave Somers,Democratic,220,Write-In,None3,12,,,0,,,0,,,0,,,0,,,0,232,94.83,5.17,0.0,0.0,0.0,0.0,0.0,89.66
447,Snohomish 22134459,Dave Somers,Democratic,219,Write-In,None3,15,,,0,,,0,,,0,,,0,,,0,234,93.59,6.41,0.0,0.0,0.0,0.0,0.0,87.18
448,Snohomish 22134460,Dave Somers,Democratic,147,Write-In,None3,10,,,0,,,0,,,0,,,0,,,0,157,93.63,6.37,0.0,0.0,0.0,0.0,0.0,87.26
449,Snohomish 22134463,Dave Somers,Democratic,131,Write-In,None3,9,,,0,,,0,,,0,,,0,,,0,140,93.57,6.43,0.0,0.0,0.0,0.0,0.0,87.14
450,Snohomish 22134489,Dave Somers,Democratic,131,Write-In,None3,5,,,0,,,0,,,0,,,0,,,0,136,96.32,3.68,0.0,0.0,0.0,0.0,0.0,92.64
451,Snohomish 22134492,Dave Somers,Democratic,59,Write-In,None3,9,,,0,,,0,,,0,,,0,,,0,68,86.76,13.24,0.0,0.0,0.0,0.0,0.0,73.52
452,Snohomish 22134497,Dave Somers,Democratic,171,Write-In,None3,6,,,0,,,0,,,0,,,0,,,0,177,96.61,3.39,0.0,0.0,0.0,0.0,0.0,93.22
453,Snohomish 22134501,Dave Somers,Democratic,169,Write-In,None3,7,,,0,,,0,,,0,,,0,,,0,176,96.02,3.98,0.0,0.0,0.0,0.0,0.0,92.04
454,Snohomish 22134520,Dave Somers,Democratic,175,Write-In,None3,10,,,0,,,0,,,0,,,0,,,0,185,94.59,5.41,0.0,0.0,0.0,0.0,0.0,89.18
455,Snohomish 22134642,Dave Somers,Democratic,151,Write-In,None3,4,,,0,,,0,,,0,,,0,,,0,155,97.42,2.58,0.0,0.0,0.0,0.0,0.0,94.84
456,Snohomish 22134688,Dave Somers,Democratic,115,Write-In,None3,4,,,0,,,0,,,0,,,0,,,0,119,96.64,3.36,0.0,0.0,0.0,0.0,0.0,93.28
457,Snohomish 22134692,Dave Somers,Democratic,122,Write-In,None3,4,,,0,,,0,,,0,,,0,,,0,126,96.83,3.17,0.0,0.0,0.0,0.0,0.0,93.66
458,Snohomish 22134699,Dave Somers,Democratic,158,Write-In,None3,4,,,0,,,0,,,0,,,0,,,0,162,97.53,2.47,0.0,0.0,0.0,0.0,0.0,95.06
459,Snohomish 22134758,Dave Somers,Democratic,87,Write-In,None3,2,,,0,,,0,,,0,,,0,,,0,89,97.75,2.25,0.0,0.0,0.0,0.0,0.0,95.5
460,Snohomish 22134764,Dave Somers,Democratic,127,Write-In,None3,7,,,0,,,0,,,0,,,0,,,0,134,94.78,5.22,0.0,0.0,0.0,0.0,0.0,89.56
461,Snohomish 22134765,Dave Somers,Democratic,134,Write-In,None3,10,,,0,,,0,,,0,,,0,,,0,144,93.06,6.94,0.0,0.0,0.0,0.0,0.0,86.12
462,Snohomish 22134772,Dave Somers,Democratic,173,Write-In,None3,3,,,0,,,0,,,0,,,0,,,0,176,98.3,1.7,0.0,0.0,0.0,0.0,0.0,96.6
463,Snohomish 22134783,Dave Somers,Democratic,138,Write-In,None3,3,,,0,,,0,,,0,,,0,,,0,141,97.87,2.13,0.0,0.0,0.0,0.0,0.0,95.74
464,Snohomish 22144081,Dave Somers,Democratic,217,Write-In,None3,15,,,0,,,0,,,0,,,0,,,0,232,93.53,6.47,0.0,0.0,0.0,0.0,0.0,87.06
465,Snohomish 22144131,Dave Somers,Democratic,244,Write-In,None3,11,,,0,,,0,,,0,,,0,,,0,255,95.69,4.31,0.0,0.0,0.0,0.0,0.0,91.38
466,Snohomish 22144166,Dave Somers,Democratic,204,Write-In,None3,6,,,0,,,0,,,0,,,0,,,0,210,97.14,2.86,0.0,0.0,0.0,0.0,0.0,94.28
467,Snohomish 22144209,Dave Somers,Democratic,177,Write-In,None3,9,,,0,,,0,,,0,,,0,,,0,186,95.16,4.84,0.0,0.0,0.0,0.0,0.0,90.32
468,Snohomish 22144279,Dave Somers,Democratic,213,Write-In,None3,13,,,0,,,0,,,0,,,0,,,0,226,94.25,5.75,0.0,0.0,0.0,0.0,0.0,88.5
469,Snohomish 22144280,Dave Somers,Democratic,206,Write-In,None3,13,,,0,,,0,,,0,,,0,,,0,219,94.06,5.94,0.0,0.0,0.0,0.0,0.0,88.12
470,Snohomish 22144297,Dave Somers,Democratic,163,Write-In,None3,8,,,0,,,0,,,0,,,0,,,0,171,95.32,4.68,0.0,0.0,0.0,0.0,0.0,90.64
471,Snohomish 22144331,Dave Somers,Democratic,124,Write-In,None3,7,,,0,,,0,,,0,,,0,,,0,131,94.66,5.34,0.0,0.0,0.0,0.0,0.0,89.32
472,Snohomish 22144415,Dave Somers,Democratic,138,Write-In,None3,7,,,0,,,0,,,0,,,0,,,0,145,95.17,4.83,0.0,0.0,0.0,0.0,0.0,90.34
473,Snohomish 22144455,Dave Somers,Democratic,223,Write-In,None3,5,,,0,,,0,,,0,,,0,,,0,228,97.81,2.19,0.0,0.0,0.0,0.0,0.0,95.62
474,Snohomish 22144476,Dave Somers,Democratic,206,Write-In,None3,13,,,0,,,0,,,0,,,0,,,0,219,94.06,5.94,0.0,0.0,0.0,0.0,0.0,88.12
475,Snohomish 22144481,Dave Somers,Democratic,148,Write-In,None3,6,,,0,,,0,,,0,,,0,,,0,154,96.1,3.9,0.0,0.0,0.0,0.0,0.0,92.2
476,Snohomish 22144527,Dave Somers,Democratic,185,Write-In,None3,3,,,0,,,0,,,0,,,0,,,0,188,98.4,1.6,0.0,0.0,0.0,0.0,0.0,96.8
477,Snohomish 22144546,Dave Somers,Democratic,225,Write-In,None3,9,,,0,,,0,,,0,,,0,,,0,234,96.15,3.85,0.0,0.0,0.0,0.0,0.0,92.3
478,Snohomish 22144556,Dave Somers,Democratic,58,Write-In,None3,3,,,0,,,0,,,0,,,0,,,0,61,95.08,4.92,0.0,0.0,0.0,0.0,0.0,90.16
479,Snohomish 22144578,Dave Somers,Democratic,230,Write-In,None3,8,,,0,,,0,,,0,,,0,,,0,238,96.64,3.36,0.0,0.0,0.0,0.0,0.0,93.28
480,Snohomish 22144689,Dave Somers,Democratic,209,Write-In,None3,15,,,0,,,0,,,0,,,0,,,0,224,93.3,6.7,0.0,0.0,0.0,0.0,0.0,86.6
481,Snohomish 22144707,Dave Somers,Democratic,200,Write-In,None3,13,,,0,,,0,,,0,,,0,,,0,213,93.9,6.1,0.0,0.0,0.0,0.0,0.0,87.8
482,Snohomish 23231115,Dave Somers,Democratic,140,Write-In,None3,7,,,0,,,0,,,0,,,0,,,0,147,95.24,4.76,0.0,0.0,0.0,0.0,0.0,90.48
483,Snohomish 23231116,Dave Somers,Democratic,156,Write-In,None3,7,,,0,,,0,,,0,,,0,,,0,163,95.71,4.29,0.0,0.0,0.0,0.0,0.0,91.42
484,Snohomish 23231117,Dave Somers,Democratic,165,Write-In,None3,7,,,0,,,0,,,0,,,0,,,0,172,95.93,4.07,0.0,0.0,0.0,0.0,0.0,91.86
485,Snohomish 23231118,Dave Somers,Democratic,183,Write-In,None3,5,,,0,,,0,,,0,,,0,,,0,188,97.34,2.66,0.0,0.0,0.0,0.0,0.0,94.68
486,Snohomish 23231119,Dave Somers,Democratic,135,Write-In,None3,7,,,0,,,0,,,0,,,0,,,0,142,95.07,4.93,0.0,0.0,0.0,0.0,0.0,90.14
487,Snohomish 23231120,Dave Somers,Democratic,195,Write-In,None3,5,,,0,,,0,,,0,,,0,,,0,200,97.5,2.5,0.0,0.0,0.0,0.0,0.0,95.0
488,Snohomish 23231121,Dave Somers,Democratic,266,Write-In,None3,9,,,0,,,0,,,0,,,0,,,0,275,96.73,3.27,0.0,0.0,0.0,0.0,0.0,93.46
489,Snohomish 23231122,Dave Somers,Democratic,170,Write-In,None3,11,,,0,,,0,,,0,,,0,,,0,181,93.92,6.08,0.0,0.0,0.0,0.0,0.0,87.84
490,Snohomish 23231123,Dave Somers,Democratic,252,Write-In,None3,12,,,0,,,0,,,0,,,0,,,0,264,95.45,4.55,0.0,0.0,0.0,0.0,0.0,90.9
491,Snohomish 23231124,Dave Somers,Democratic,113,Write-In,None3,6,,,0,,,0,,,0,,,0,,,0,119,94.96,5.04,0.0,0.0,0.0,0.0,0.0,89.92
492,Snohomish 23231125,Dave Somers,Democratic,182,Write-In,None3,4,,,0,,,0,,,0,,,0,,,0,186,97.85,2.15,0.0,0.0,0.0,0.0,0.0,95.7
493,Snohomish 23231168,Dave Somers,Democratic,170,Write-In,None3,5,,,0,,,0,,,0,,,0,,,0,175,97.14,2.86,0.0,0.0,0.0,0.0,0.0,94.28
494,Snohomish 23231186,Dave Somers,Democratic,181,Write-In,None3,9,,,0,,,0,,,0,,,0,,,0,190,95.26,4.74,0.0,0.0,0.0,0.0,0.0,90.52
495,Snohomish 23231201,Dave Somers,Democratic,259,Write-In,None3,12,,,0,,,0,,,0,,,0,,,0,271,95.57,4.43,0.0,0.0,0.0,0.0,0.0,91.14
496,Snohomish 23231202,Dave Somers,Democratic,215,Write-In,None3,7,,,0,,,0,,,0,,,0,,,0,222,96.85,3.15,0.0,0.0,0.0,0.0,0.0,93.7
497,Snohomish 23231203,Dave Somers,Democratic,202,Write-In,None3,9,,,0,,,0,,,0,,,0,,,0,211,95.73,4.27,0.0,0.0,0.0,0.0,0.0,91.46
498,Snohomish 23231204,Dave Somers,Democratic,157,Write-In,None3,7,,,0,,,0,,,0,,,0,,,0,164,95.73,4.27,0.0,0.0,0.0,0.0,0.0,91.46
499,Snohomish 23231205,Dave Somers,Democratic,150,Write-In,None3,12,,,0,,,0,,,0,,,0,,,0,162,92.59,7.41,0.0,0.0,0.0,0.0,0.0,85.18
500,Snohomish 23231206,Dave Somers,Democratic,152,Write-In,None3,5,,,0,,,0,,,0,,,0,,,0,157,96.82,3.18,0.0,0.0,0.0,0.0,0.0,93.64
501,Snohomish 23231207,Dave Somers,Democratic,244,Write-In,None3,17,,,0,,,0,,,0,,,0,,,0,261,93.49,6.51,0.0,0.0,0.0,0.0,0.0,86.98
502,Snohomish 23231208,Dave Somers,Democratic,233,Write-In,None3,19,,,0,,,0,,,0,,,0,,,0,252,92.46,7.54,0.0,0.0,0.0,0.0,0.0,84.92
503,Snohomish 23231210,Dave Somers,Democratic,225,Write-In,None3,9,,,0,,,0,,,0,,,0,,,0,234,96.15,3.85,0.0,0.0,0.0,0.0,0.0,92.3
504,Snohomish 23231419,Dave Somers,Democratic,222,Write-In,None3,12,,,0,,,0,,,0,,,0,,,0,234,94.87,5.13,0.0,0.0,0.0,0.0,0.0,89.74
505,Snohomish 23231420,Dave Somers,Democratic,165,Write-In,None3,8,,,0,,,0,,,0,,,0,,,0,173,95.38,4.62,0.0,0.0,0.0,0.0,0.0,90.76
506,Snohomish 23231421,Dave Somers,Democratic,139,Write-In,None3,6,,,0,,,0,,,0,,,0,,,0,145,95.86,4.14,0.0,0.0,0.0,0.0,0.0,91.72
507,Snohomish 23231423,Dave Somers,Democratic,183,Write-In,None3,8,,,0,,,0,,,0,,,0,,,0,191,95.81,4.19,0.0,0.0,0.0,0.0,0.0,91.62
508,Snohomish 23231424,Dave Somers,Democratic,123,Write-In,None3,0,,,0,,,0,,,0,,,0,,,0,123,100.0,0.0,0.0,0.0,0.0,0.0,0.0,100.0
510,Snohomish 23231516,Dave Somers,Democratic,214,Write-In,None3,12,,,0,,,0,,,0,,,0,,,0,226,94.69,5.31,0.0,0.0,0.0,0.0,0.0,89.38
511,Snohomish 23231626,Dave Somers,Democratic,267,Write-In,None3,17,,,0,,,0,,,0,,,0,,,0,284,94.01,5.99,0.0,0.0,0.0,0.0,0.0,88.02
512,Snohomish 23231627,Dave Somers,Democratic,192,Write-In,None3,5,,,0,,,0,,,0,,,0,,,0,197,97.46,2.54,0.0,0.0,0.0,0.0,0.0,94.92
513,Snohomish 23234077,Dave Somers,Democratic,157,Write-In,None3,11,,,0,,,0,,,0,,,0,,,0,168,93.45,6.55,0.0,0.0,0.0,0.0,0.0,86.9
514,Snohomish 23234175,Dave Somers,Democratic,228,Write-In,None3,12,,,0,,,0,,,0,,,0,,,0,240,95.0,5.0,0.0,0.0,0.0,0.0,0.0,90.0
515,Snohomish 23234184,Dave Somers,Democratic,257,Write-In,None3,4,,,0,,,0,,,0,,,0,,,0,261,98.47,1.53,0.0,0.0,0.0,0.0,0.0,96.94
516,Snohomish 23234444,Dave Somers,Democratic,39,Write-In,None3,2,,,0,,,0,,,0,,,0,,,0,41,95.12,4.88,0.0,0.0,0.0,0.0,0.0,90.24
517,Snohomish 23234461,Dave Somers,Democratic,160,Write-In,None3,7,,,0,,,0,,,0,,,0,,,0,167,95.81,4.19,0.0,0.0,0.0,0.0,0.0,91.62
518,Snohomish 23234539,Dave Somers,Democratic,156,Write-In,None3,7,,,0,,,0,,,0,,,0,,,0,163,95.71,4.29,0.0,0.0,0.0,0.0,0.0,91.42
519,Snohomish 23234550,Dave Somers,Democratic,78,Write-In,None3,3,,,0,,,0,,,0,,,0,,,0,81,96.3,3.7,0.0,0.0,0.0,0.0,0.0,92.6
520,Snohomish 23234755,Dave Somers,Democratic,97,Write-In,None3,2,,,0,,,0,,,0,,,0,,,0,99,97.98,2.02,0.0,0.0,0.0,0.0,0.0,95.96
521,Snohomish 23234761,Dave Somers,Democratic,132,Write-In,None3,6,,,0,,,0,,,0,,,0,,,0,138,95.65,4.35,0.0,0.0,0.0,0.0,0.0,91.3
522,Snohomish 23241095,Dave Somers,Democratic,122,Write-In,None3,4,,,0,,,0,,,0,,,0,,,0,126,96.83,3.17,0.0,0.0,0.0,0.0,0.0,93.66
523,Snohomish 23241096,Dave Somers,Democratic,199,Write-In,None3,11,,,0,,,0,,,0,,,0,,,0,210,94.76,5.24,0.0,0.0,0.0,0.0,0.0,89.52
524,Snohomish 23241097,Dave Somers,Democratic,167,Write-In,None3,5,,,0,,,0,,,0,,,0,,,0,172,97.09,2.91,0.0,0.0,0.0,0.0,0.0,94.18
525,Snohomish 23241137,Dave Somers,Democratic,310,Write-In,None3,3,,,0,,,0,,,0,,,0,,,0,313,99.04,0.96,0.0,0.0,0.0,0.0,0.0,98.08
527,Snohomish 23811047,Dave Somers,Democratic,102,Write-In,None3,10,,,0,,,0,,,0,,,0,,,0,112,91.07,8.93,0.0,0.0,0.0,0.0,0.0,82.14
528,Snohomish 23811048,Dave Somers,Democratic,92,Write-In,None3,7,,,0,,,0,,,0,,,0,,,0,99,92.93,7.07,0.0,0.0,0.0,0.0,0.0,85.86
529,Snohomish 23811128,Dave Somers,Democratic,161,Write-In,None3,15,,,0,,,0,,,0,,,0,,,0,176,91.48,8.52,0.0,0.0,0.0,0.0,0.0,82.96
530,Snohomish 23811129,Dave Somers,Democratic,156,Write-In,None3,17,,,0,,,0,,,0,,,0,,,0,173,90.17,9.83,0.0,0.0,0.0,0.0,0.0,80.34
531,Snohomish 23811261,Dave Somers,Democratic,215,Write-In,None3,13,,,0,,,0,,,0,,,0,,,0,228,94.3,5.7,0.0,0.0,0.0,0.0,0.0,88.6
532,Snohomish 23811299,Dave Somers,Democratic,92,Write-In,None3,4,,,0,,,0,,,0,,,0,,,0,96,95.83,4.17,0.0,0.0,0.0,0.0,0.0,91.66
533,Snohomish 23811342,Dave Somers,Democratic,240,Write-In,None3,19,,,0,,,0,,,0,,,0,,,0,259,92.66,7.34,0.0,0.0,0.0,0.0,0.0,85.32
534,Snohomish 23811350,Dave Somers,Democratic,109,Write-In,None3,4,,,0,,,0,,,0,,,0,,,0,113,96.46,3.54,0.0,0.0,0.0,0.0,0.0,92.92
535,Snohomish 23811351,Dave Somers,Democratic,207,Write-In,None3,9,,,0,,,0,,,0,,,0,,,0,216,95.83,4.17,0.0,0.0,0.0,0.0,0.0,91.66
536,Snohomish 23811429,Dave Somers,Democratic,147,Write-In,None3,7,,,0,,,0,,,0,,,0,,,0,154,95.45,4.55,0.0,0.0,0.0,0.0,0.0,90.9
537,Snohomish 23811430,Dave Somers,Democratic,151,Write-In,None3,13,,,0,,,0,,,0,,,0,,,0,164,92.07,7.93,0.0,0.0,0.0,0.0,0.0,84.14
538,Snohomish 23811465,Dave Somers,Democratic,203,Write-In,None3,21,,,0,,,0,,,0,,,0,,,0,224,90.62,9.38,0.0,0.0,0.0,0.0,0.0,81.24
539,Snohomish 23811467,Dave Somers,Democratic,183,Write-In,None3,15,,,0,,,0,,,0,,,0,,,0,198,92.42,7.58,0.0,0.0,0.0,0.0,0.0,84.84
540,Snohomish 23811504,Dave Somers,Democratic,207,Write-In,None3,14,,,0,,,0,,,0,,,0,,,0,221,93.67,6.33,0.0,0.0,0.0,0.0,0.0,87.34
541,Snohomish 23811544,Dave Somers,Democratic,244,Write-In,None3,13,,,0,,,0,,,0,,,0,,,0,257,94.94,5.06,0.0,0.0,0.0,0.0,0.0,89.88
542,Snohomish 23811571,Dave Somers,Democratic,230,Write-In,None3,21,,,0,,,0,,,0,,,0,,,0,251,91.63,8.37,0.0,0.0,0.0,0.0,0.0,83.26
543,Snohomish 23811572,Dave Somers,Democratic,227,Write-In,None3,7,,,0,,,0,,,0,,,0,,,0,234,97.01,2.99,0.0,0.0,0.0,0.0,0.0,94.02
544,Snohomish 23811650,Dave Somers,Democratic,98,Write-In,None3,13,,,0,,,0,,,0,,,0,,,0,111,88.29,11.71,0.0,0.0,0.0,0.0,0.0,76.58
545,Snohomish 23811651,Dave Somers,Democratic,121,Write-In,None3,10,,,0,,,0,,,0,,,0,,,0,131,92.37,7.63,0.0,0.0,0.0,0.0,0.0,84.74
546,Snohomish 23811679,Dave Somers,Democratic,147,Write-In,None3,29,,,0,,,0,,,0,,,0,,,0,176,83.52,16.48,0.0,0.0,0.0,0.0,0.0,67.04
547,Snohomish 23811728,Dave Somers,Democratic,162,Write-In,None3,18,,,0,,,0,,,0,,,0,,,0,180,90.0,10.0,0.0,0.0,0.0,0.0,0.0,80.0
548,Snohomish 23811729,Dave Somers,Democratic,138,Write-In,None3,15,,,0,,,0,,,0,,,0,,,0,153,90.2,9.8,0.0,0.0,0.0,0.0,0.0,80.4
549,Snohomish 23811730,Dave Somers,Democratic,127,Write-In,None3,10,,,0,,,0,,,0,,,0,,,0,137,92.7,7.3,0.0,0.0,0.0,0.0,0.0,85.4
550,Snohomish 23811731,Dave Somers,Democratic,126,Write-In,None3,11,,,0,,,0,,,0,,,0,,,0,137,91.97,8.03,0.0,0.0,0.0,0.0,0.0,83.94
551,Snohomish 23811732,Dave Somers,Democratic,151,Write-In,None3,14,,,0,,,0,,,0,,,0,,,0,165,91.52,8.48,0.0,0.0,0.0,0.0,0.0,83.04
552,Snohomish 23811733,Dave Somers,Democratic,157,Write-In,None3,6,,,0,,,0,,,0,,,0,,,0,163,96.32,3.68,0.0,0.0,0.0,0.0,0.0,92.64
553,Snohomish 23811734,Dave Somers,Democratic,131,Write-In,None3,14,,,0,,,0,,,0,,,0,,,0,145,90.34,9.66,0.0,0.0,0.0,0.0,0.0,80.68
554,Snohomish 23811735,Dave Somers,Democratic,173,Write-In,None3,24,,,0,,,0,,,0,,,0,,,0,197,87.82,12.18,0.0,0.0,0.0,0.0,0.0,75.64
555,Snohomish 23811736,Dave Somers,Democratic,179,Write-In,None3,18,,,0,,,0,,,0,,,0,,,0,197,90.86,9.14,0.0,0.0,0.0,0.0,0.0,81.72
556,Snohomish 23811739,Dave Somers,Democratic,221,Write-In,None3,19,,,0,,,0,,,0,,,0,,,0,240,92.08,7.92,0.0,0.0,0.0,0.0,0.0,84.16
557,Snohomish 23811740,Dave Somers,Democratic,158,Write-In,None3,23,,,0,,,0,,,0,,,0,,,0,181,87.29,12.71,0.0,0.0,0.0,0.0,0.0,74.58
558,Snohomish 23811741,Dave Somers,Democratic,168,Write-In,None3,15,,,0,,,0,,,0,,,0,,,0,183,91.8,8.2,0.0,0.0,0.0,0.0,0.0,83.6
559,Snohomish 23811742,Dave Somers,Democratic,162,Write-In,None3,4,,,0,,,0,,,0,,,0,,,0,166,97.59,2.41,0.0,0.0,0.0,0.0,0.0,95.18
560,Snohomish 23811743,Dave Somers,Democratic,179,Write-In,None3,16,,,0,,,0,,,0,,,0,,,0,195,91.79,8.21,0.0,0.0,0.0,0.0,0.0,83.58
561,Snohomish 23811744,Dave Somers,Democratic,109,Write-In,None3,2,,,0,,,0,,,0,,,0,,,0,111,98.2,1.8,0.0,0.0,0.0,0.0,0.0,96.4
562,Snohomish 23814167,Dave Somers,Democratic,177,Write-In,None3,23,,,0,,,0,,,0,,,0,,,0,200,88.5,11.5,0.0,0.0,0.0,0.0,0.0,77.0
564,Snohomish 23814335,Dave Somers,Democratic,138,Write-In,None3,25,,,0,,,0,,,0,,,0,,,0,163,84.66,15.34,0.0,0.0,0.0,0.0,0.0,69.32
565,Snohomish 23814363,Dave Somers,Democratic,194,Write-In,None3,29,,,0,,,0,,,0,,,0,,,0,223,87.0,13.0,0.0,0.0,0.0,0.0,0.0,74.0
566,Snohomish 23814488,Dave Somers,Democratic,183,Write-In,None3,16,,,0,,,0,,,0,,,0,,,0,199,91.96,8.04,0.0,0.0,0.0,0.0,0.0,83.92
567,Snohomish 23821214,Dave Somers,Democratic,253,Write-In,None3,8,,,0,,,0,,,0,,,0,,,0,261,96.93,3.07,0.0,0.0,0.0,0.0,0.0,93.86
568,Snohomish 23821215,Dave Somers,Democratic,223,Write-In,None3,8,,,0,,,0,,,0,,,0,,,0,231,96.54,3.46,0.0,0.0,0.0,0.0,0.0,93.08
569,Snohomish 23821216,Dave Somers,Democratic,162,Write-In,None3,8,,,0,,,0,,,0,,,0,,,0,170,95.29,4.71,0.0,0.0,0.0,0.0,0.0,90.58
570,Snohomish 23821217,Dave Somers,Democratic,207,Write-In,None3,14,,,0,,,0,,,0,,,0,,,0,221,93.67,6.33,0.0,0.0,0.0,0.0,0.0,87.34
571,Snohomish 23821218,Dave Somers,Democratic,179,Write-In,None3,14,,,0,,,0,,,0,,,0,,,0,193,92.75,7.25,0.0,0.0,0.0,0.0,0.0,85.5
572,Snohomish 23821219,Dave Somers,Democratic,203,Write-In,None3,23,,,0,,,0,,,0,,,0,,,0,226,89.82,10.18,0.0,0.0,0.0,0.0,0.0,79.64
573,Snohomish 23821220,Dave Somers,Democratic,235,Write-In,None3,7,,,0,,,0,,,0,,,0,,,0,242,97.11,2.89,0.0,0.0,0.0,0.0,0.0,94.22
574,Snohomish 23821221,Dave Somers,Democratic,197,Write-In,None3,15,,,0,,,0,,,0,,,0,,,0,212,92.92,7.08,0.0,0.0,0.0,0.0,0.0,85.84
575,Snohomish 23821222,Dave Somers,Democratic,213,Write-In,None3,10,,,0,,,0,,,0,,,0,,,0,223,95.52,4.48,0.0,0.0,0.0,0.0,0.0,91.04
576,Snohomish 23821223,Dave Somers,Democratic,196,Write-In,None3,14,,,0,,,0,,,0,,,0,,,0,210,93.33,6.67,0.0,0.0,0.0,0.0,0.0,86.66
577,Snohomish 23821224,Dave Somers,Democratic,209,Write-In,None3,11,,,0,,,0,,,0,,,0,,,0,220,95.0,5.0,0.0,0.0,0.0,0.0,0.0,90.0
578,Snohomish 23821225,Dave Somers,Democratic,177,Write-In,None3,11,,,0,,,0,,,0,,,0,,,0,188,94.15,5.85,0.0,0.0,0.0,0.0,0.0,88.3
579,Snohomish 23821226,Dave Somers,Democratic,186,Write-In,None3,13,,,0,,,0,,,0,,,0,,,0,199,93.47,6.53,0.0,0.0,0.0,0.0,0.0,86.94
580,Snohomish 23821227,Dave Somers,Democratic,275,Write-In,None3,16,,,0,,,0,,,0,,,0,,,0,291,94.5,5.5,0.0,0.0,0.0,0.0,0.0,89.0
581,Snohomish 23821228,Dave Somers,Democratic,209,Write-In,None3,9,,,0,,,0,,,0,,,0,,,0,218,95.87,4.13,0.0,0.0,0.0,0.0,0.0,91.74
582,Snohomish 23821229,Dave Somers,Democratic,238,Write-In,None3,18,,,0,,,0,,,0,,,0,,,0,256,92.97,7.03,0.0,0.0,0.0,0.0,0.0,85.94
583,Snohomish 23821230,Dave Somers,Democratic,268,Write-In,None3,6,,,0,,,0,,,0,,,0,,,0,274,97.81,2.19,0.0,0.0,0.0,0.0,0.0,95.62
584,Snohomish 23821231,Dave Somers,Democratic,208,Write-In,None3,11,,,0,,,0,,,0,,,0,,,0,219,94.98,5.02,0.0,0.0,0.0,0.0,0.0,89.96
585,Snohomish 23821232,Dave Somers,Democratic,182,Write-In,None3,11,,,0,,,0,,,0,,,0,,,0,193,94.3,5.7,0.0,0.0,0.0,0.0,0.0,88.6
586,Snohomish 23821233,Dave Somers,Democratic,227,Write-In,None3,7,,,0,,,0,,,0,,,0,,,0,234,97.01,2.99,0.0,0.0,0.0,0.0,0.0,94.02
587,Snohomish 23821234,Dave Somers,Democratic,321,Write-In,None3,12,,,0,,,0,,,0,,,0,,,0,333,96.4,3.6,0.0,0.0,0.0,0.0,0.0,92.8
588,Snohomish 23821235,Dave Somers,Democratic,185,Write-In,None3,15,,,0,,,0,,,0,,,0,,,0,200,92.5,7.5,0.0,0.0,0.0,0.0,0.0,85.0
589,Snohomish 23821236,Dave Somers,Democratic,142,Write-In,None3,8,,,0,,,0,,,0,,,0,,,0,150,94.67,5.33,0.0,0.0,0.0,0.0,0.0,89.34
590,Snohomish 23821237,Dave Somers,Democratic,135,Write-In,None3,8,,,0,,,0,,,0,,,0,,,0,143,94.41,5.59,0.0,0.0,0.0,0.0,0.0,88.82
591,Snohomish 23821238,Dave Somers,Democratic,206,Write-In,None3,20,,,0,,,0,,,0,,,0,,,0,226,91.15,8.85,0.0,0.0,0.0,0.0,0.0,82.3
592,Snohomish 23821239,Dave Somers,Democratic,176,Write-In,None3,10,,,0,,,0,,,0,,,0,,,0,186,94.62,5.38,0.0,0.0,0.0,0.0,0.0,89.24
593,Snohomish 23821240,Dave Somers,Democratic,236,Write-In,None3,12,,,0,,,0,,,0,,,0,,,0,248,95.16,4.84,0.0,0.0,0.0,0.0,0.0,90.32
594,Snohomish 23821241,Dave Somers,Democratic,140,Write-In,None3,9,,,0,,,0,,,0,,,0,,,0,149,93.96,6.04,0.0,0.0,0.0,0.0,0.0,87.92
595,Snohomish 23821242,Dave Somers,Democratic,155,Write-In,None3,16,,,0,,,0,,,0,,,0,,,0,171,90.64,9.36,0.0,0.0,0.0,0.0,0.0,81.28
596,Snohomish 23821243,Dave Somers,Democratic,221,Write-In,None3,11,,,0,,,0,,,0,,,0,,,0,232,95.26,4.74,0.0,0.0,0.0,0.0,0.0,90.52
597,Snohomish 23821244,Dave Somers,Democratic,62,Write-In,None3,7,,,0,,,0,,,0,,,0,,,0,69,89.86,10.14,0.0,0.0,0.0,0.0,0.0,79.72
598,Snohomish 23821245,Dave Somers,Democratic,160,Write-In,None3,16,,,0,,,0,,,0,,,0,,,0,176,90.91,9.09,0.0,0.0,0.0,0.0,0.0,81.82
599,Snohomish 23821246,Dave Somers,Democratic,99,Write-In,None3,9,,,0,,,0,,,0,,,0,,,0,108,91.67,8.33,0.0,0.0,0.0,0.0,0.0,83.34
600,Snohomish 23821247,Dave Somers,Democratic,130,Write-In,None3,5,,,0,,,0,,,0,,,0,,,0,135,96.3,3.7,0.0,0.0,0.0,0.0,0.0,92.6
601,Snohomish 23821248,Dave Somers,Democratic,137,Write-In,None3,3,,,0,,,0,,,0,,,0,,,0,140,97.86,2.14,0.0,0.0,0.0,0.0,0.0,95.72
602,Snohomish 23821249,Dave Somers,Democratic,113,Write-In,None3,4,,,0,,,0,,,0,,,0,,,0,117,96.58,3.42,0.0,0.0,0.0,0.0,0.0,93.16
603,Snohomish 23821250,Dave Somers,Democratic,121,Write-In,None3,6,,,0,,,0,,,0,,,0,,,0,127,95.28,4.72,0.0,0.0,0.0,0.0,0.0,90.56
604,Snohomish 23821251,Dave Somers,Democratic,148,Write-In,None3,8,,,0,,,0,,,0,,,0,,,0,156,94.87,5.13,0.0,0.0,0.0,0.0,0.0,89.74
605,Snohomish 23821252,Dave Somers,Democratic,138,Write-In,None3,14,,,0,,,0,,,0,,,0,,,0,152,90.79,9.21,0.0,0.0,0.0,0.0,0.0,81.58
606,Snohomish 23821253,Dave Somers,Democratic,185,Write-In,None3,10,,,0,,,0,,,0,,,0,,,0,195,94.87,5.13,0.0,0.0,0.0,0.0,0.0,89.74
607,Snohomish 23821254,Dave Somers,Democratic,177,Write-In,None3,13,,,0,,,0,,,0,,,0,,,0,190,93.16,6.84,0.0,0.0,0.0,0.0,0.0,86.32
608,Snohomish 23821255,Dave Somers,Democratic,172,Write-In,None3,3,,,0,,,0,,,0,,,0,,,0,175,98.29,1.71,0.0,0.0,0.0,0.0,0.0,96.58
609,Snohomish 23821256,Dave Somers,Democratic,193,Write-In,None3,7,,,0,,,0,,,0,,,0,,,0,200,96.5,3.5,0.0,0.0,0.0,0.0,0.0,93.0
610,Snohomish 23821257,Dave Somers,Democratic,187,Write-In,None3,13,,,0,,,0,,,0,,,0,,,0,200,93.5,6.5,0.0,0.0,0.0,0.0,0.0,87.0
611,Snohomish 23821258,Dave Somers,Democratic,102,Write-In,None3,3,,,0,,,0,,,0,,,0,,,0,105,97.14,2.86,0.0,0.0,0.0,0.0,0.0,94.28
612,Snohomish 23821287,Dave Somers,Democratic,184,Write-In,None3,9,,,0,,,0,,,0,,,0,,,0,193,95.34,4.66,0.0,0.0,0.0,0.0,0.0,90.68
613,Snohomish 23821288,Dave Somers,Democratic,205,Write-In,None3,9,,,0,,,0,,,0,,,0,,,0,214,95.79,4.21,0.0,0.0,0.0,0.0,0.0,91.58
614,Snohomish 23821289,Dave Somers,Democratic,163,Write-In,None3,12,,,0,,,0,,,0,,,0,,,0,175,93.14,6.86,0.0,0.0,0.0,0.0,0.0,86.28
615,Snohomish 23821290,Dave Somers,Democratic,163,Write-In,None3,14,,,0,,,0,,,0,,,0,,,0,177,92.09,7.91,0.0,0.0,0.0,0.0,0.0,84.18
616,Snohomish 23821327,Dave Somers,Democratic,168,Write-In,None3,19,,,0,,,0,,,0,,,0,,,0,187,89.84,10.16,0.0,0.0,0.0,0.0,0.0,79.68
617,Snohomish 23821328,Dave Somers,Democratic,209,Write-In,None3,11,,,0,,,0,,,0,,,0,,,0,220,95.0,5.0,0.0,0.0,0.0,0.0,0.0,90.0
618,Snohomish 23821346,Dave Somers,Democratic,150,Write-In,None3,14,,,0,,,0,,,0,,,0,,,0,164,91.46,8.54,0.0,0.0,0.0,0.0,0.0,82.92
619,Snohomish 23821365,Dave Somers,Democratic,190,Write-In,None3,16,,,0,,,0,,,0,,,0,,,0,206,92.23,7.77,0.0,0.0,0.0,0.0,0.0,84.46
620,Snohomish 23821394,Dave Somers,Democratic,160,Write-In,None3,8,,,0,,,0,,,0,,,0,,,0,168,95.24,4.76,0.0,0.0,0.0,0.0,0.0,90.48
621,Snohomish 23821395,Dave Somers,Democratic,53,Write-In,None3,3,,,0,,,0,,,0,,,0,,,0,56,94.64,5.36,0.0,0.0,0.0,0.0,0.0,89.28
622,Snohomish 23821396,Dave Somers,Democratic,268,Write-In,None3,9,,,0,,,0,,,0,,,0,,,0,277,96.75,3.25,0.0,0.0,0.0,0.0,0.0,93.5
623,Snohomish 23821397,Dave Somers,Democratic,134,Write-In,None3,8,,,0,,,0,,,0,,,0,,,0,142,94.37,5.63,0.0,0.0,0.0,0.0,0.0,88.74
624,Snohomish 23821398,Dave Somers,Democratic,24,Write-In,None3,5,,,0,,,0,,,0,,,0,,,0,29,82.76,17.24,0.0,0.0,0.0,0.0,0.0,65.52
625,Snohomish 23821399,Dave Somers,Democratic,221,Write-In,None3,11,,,0,,,0,,,0,,,0,,,0,232,95.26,4.74,0.0,0.0,0.0,0.0,0.0,90.52
626,Snohomish 23821401,Dave Somers,Democratic,153,Write-In,None3,9,,,0,,,0,,,0,,,0,,,0,162,94.44,5.56,0.0,0.0,0.0,0.0,0.0,88.88
627,Snohomish 23821402,Dave Somers,Democratic,188,Write-In,None3,3,,,0,,,0,,,0,,,0,,,0,191,98.43,1.57,0.0,0.0,0.0,0.0,0.0,96.86
628,Snohomish 23821403,Dave Somers,Democratic,22,Write-In,None3,2,,,0,,,0,,,0,,,0,,,0,24,91.67,8.33,0.0,0.0,0.0,0.0,0.0,83.34
629,Snohomish 23821404,Dave Somers,Democratic,180,Write-In,None3,12,,,0,,,0,,,0,,,0,,,0,192,93.75,6.25,0.0,0.0,0.0,0.0,0.0,87.5
630,Snohomish 23821408,Dave Somers,Democratic,251,Write-In,None3,14,,,0,,,0,,,0,,,0,,,0,265,94.72,5.28,0.0,0.0,0.0,0.0,0.0,89.44
632,Snohomish 23821410,Dave Somers,Democratic,80,Write-In,None3,10,,,0,,,0,,,0,,,0,,,0,90,88.89,11.11,0.0,0.0,0.0,0.0,0.0,77.78
633,Snohomish 23821411,Dave Somers,Democratic,113,Write-In,None3,2,,,0,,,0,,,0,,,0,,,0,115,98.26,1.74,0.0,0.0,0.0,0.0,0.0,96.52
634,Snohomish 23821412,Dave Somers,Democratic,131,Write-In,None3,5,,,0,,,0,,,0,,,0,,,0,136,96.32,3.68,0.0,0.0,0.0,0.0,0.0,92.64
635,Snohomish 23821413,Dave Somers,Democratic,198,Write-In,None3,19,,,0,,,0,,,0,,,0,,,0,217,91.24,8.76,0.0,0.0,0.0,0.0,0.0,82.48
636,Snohomish 23821414,Dave Somers,Democratic,110,Write-In,None3,9,,,0,,,0,,,0,,,0,,,0,119,92.44,7.56,0.0,0.0,0.0,0.0,0.0,84.88
637,Snohomish 23821440,Dave Somers,Democratic,179,Write-In,None3,9,,,0,,,0,,,0,,,0,,,0,188,95.21,4.79,0.0,0.0,0.0,0.0,0.0,90.42
638,Snohomish 23821449,Dave Somers,Democratic,130,Write-In,None3,15,,,0,,,0,,,0,,,0,,,0,145,89.66,10.34,0.0,0.0,0.0,0.0,0.0,79.32
639,Snohomish 23821450,Dave Somers,Democratic,130,Write-In,None3,4,,,0,,,0,,,0,,,0,,,0,134,97.01,2.99,0.0,0.0,0.0,0.0,0.0,94.02
640,Snohomish 23821451,Dave Somers,Democratic,178,Write-In,None3,6,,,0,,,0,,,0,,,0,,,0,184,96.74,3.26,0.0,0.0,0.0,0.0,0.0,93.48
641,Snohomish 23821452,Dave Somers,Democratic,129,Write-In,None3,7,,,0,,,0,,,0,,,0,,,0,136,94.85,5.15,0.0,0.0,0.0,0.0,0.0,89.7
642,Snohomish 23821453,Dave Somers,Democratic,49,Write-In,None3,3,,,0,,,0,,,0,,,0,,,0,52,94.23,5.77,0.0,0.0,0.0,0.0,0.0,88.46
643,Snohomish 23821510,Dave Somers,Democratic,137,Write-In,None3,6,,,0,,,0,,,0,,,0,,,0,143,95.8,4.2,0.0,0.0,0.0,0.0,0.0,91.6
644,Snohomish 23821558,Dave Somers,Democratic,105,Write-In,None3,7,,,0,,,0,,,0,,,0,,,0,112,93.75,6.25,0.0,0.0,0.0,0.0,0.0,87.5
645,Snohomish 23821617,Dave Somers,Democratic,135,Write-In,None3,11,,,0,,,0,,,0,,,0,,,0,146,92.47,7.53,0.0,0.0,0.0,0.0,0.0,84.94
646,Snohomish 23821618,Dave Somers,Democratic,143,Write-In,None3,11,,,0,,,0,,,0,,,0,,,0,154,92.86,7.14,0.0,0.0,0.0,0.0,0.0,85.72
647,Snohomish 23821619,Dave Somers,Democratic,98,Write-In,None3,8,,,0,,,0,,,0,,,0,,,0,106,92.45,7.55,0.0,0.0,0.0,0.0,0.0,84.9
648,Snohomish 23821620,Dave Somers,Democratic,112,Write-In,None3,9,,,0,,,0,,,0,,,0,,,0,121,92.56,7.44,0.0,0.0,0.0,0.0,0.0,85.12
649,Snohomish 23821623,Dave Somers,Democratic,163,Write-In,None3,5,,,0,,,0,,,0,,,0,,,0,168,97.02,2.98,0.0,0.0,0.0,0.0,0.0,94.04
650,Snohomish 23821645,Dave Somers,Democratic,141,Write-In,None3,6,,,0,,,0,,,0,,,0,,,0,147,95.92,4.08,0.0,0.0,0.0,0.0,0.0,91.84
651,Snohomish 23821662,Dave Somers,Democratic,132,Write-In,None3,19,,,0,,,0,,,0,,,0,,,0,151,87.42,12.58,0.0,0.0,0.0,0.0,0.0,74.84
652,Snohomish 23821695,Dave Somers,Democratic,131,Write-In,None3,5,,,0,,,0,,,0,,,0,,,0,136,96.32,3.68,0.0,0.0,0.0,0.0,0.0,92.64
653,Snohomish 23821696,Dave Somers,Democratic,89,Write-In,None3,5,,,0,,,0,,,0,,,0,,,0,94,94.68,5.32,0.0,0.0,0.0,0.0,0.0,89.36
654,Snohomish 23824098,Dave Somers,Democratic,126,Write-In,None3,3,,,0,,,0,,,0,,,0,,,0,129,97.67,2.33,0.0,0.0,0.0,0.0,0.0,95.34
655,Snohomish 23824169,Dave Somers,Democratic,117,Write-In,None3,4,,,0,,,0,,,0,,,0,,,0,121,96.69,3.31,0.0,0.0,0.0,0.0,0.0,93.38
656,Snohomish 23824267,Dave Somers,Democratic,24,Write-In,None3,0,,,0,,,0,,,0,,,0,,,0,24,100.0,0.0,0.0,0.0,0.0,0.0,0.0,100.0
657,Snohomish 23824269,Dave Somers,Democratic,206,Write-In,None3,23,,,0,,,0,,,0,,,0,,,0,229,89.96,10.04,0.0,0.0,0.0,0.0,0.0,79.92
658,Snohomish 23824441,Dave Somers,Democratic,164,Write-In,None3,13,,,0,,,0,,,0,,,0,,,0,177,92.66,7.34,0.0,0.0,0.0,0.0,0.0,85.32
659,Snohomish 23824445,Dave Somers,Democratic,133,Write-In,None3,10,,,0,,,0,,,0,,,0,,,0,143,93.01,6.99,0.0,0.0,0.0,0.0,0.0,86.02
660,Snohomish 23824561,Dave Somers,Democratic,85,Write-In,None3,4,,,0,,,0,,,0,,,0,,,0,89,95.51,4.49,0.0,0.0,0.0,0.0,0.0,91.02
661,Snohomish 23824593,Dave Somers,Democratic,1,Write-In,None3,0,,,0,,,0,,,0,,,0,,,0,1,100.0,0.0,0.0,0.0,0.0,0.0,0.0,100.0
662,Snohomish 23824752,Dave Somers,Democratic,46,Write-In,None3,0,,,0,,,0,,,0,,,0,,,0,46,100.0,0.0,0.0,0.0,0.0,0.0,0.0,100.0
663,Snohomish 23854756,Dave Somers,Democratic,22,Write-In,None3,3,,,0,,,0,,,0,,,0,,,0,25,88.0,12.0,0.0,0.0,0.0,0.0,0.0,76.0
664,Snohomish 23911049,Dave Somers,Democratic,172,Write-In,None3,10,,,0,,,0,,,0,,,0,,,0,182,94.51,5.49,0.0,0.0,0.0,0.0,0.0,89.02
665,Snohomish 23911050,Dave Somers,Democratic,155,Write-In,None3,15,,,0,,,0,,,0,,,0,,,0,170,91.18,8.82,0.0,0.0,0.0,0.0,0.0,82.36
666,Snohomish 23911051,Dave Somers,Democratic,146,Write-In,None3,17,,,0,,,0,,,0,,,0,,,0,163,89.57,10.43,0.0,0.0,0.0,0.0,0.0,79.14
667,Snohomish 23911130,Dave Somers,Democratic,248,Write-In,None3,33,,,0,,,0,,,0,,,0,,,0,281,88.26,11.74,0.0,0.0,0.0,0.0,0.0,76.52
668,Snohomish 23911386,Dave Somers,Democratic,275,Write-In,None3,16,,,0,,,0,,,0,,,0,,,0,291,94.5,5.5,0.0,0.0,0.0,0.0,0.0,89.0
669,Snohomish 23911468,Dave Somers,Democratic,159,Write-In,None3,7,,,0,,,0,,,0,,,0,,,0,166,95.78,4.22,0.0,0.0,0.0,0.0,0.0,91.56
670,Snohomish 23911498,Dave Somers,Democratic,177,Write-In,None3,24,,,0,,,0,,,0,,,0,,,0,201,88.06,11.94,0.0,0.0,0.0,0.0,0.0,76.12
671,Snohomish 23911499,Dave Somers,Democratic,231,Write-In,None3,27,,,0,,,0,,,0,,,0,,,0,258,89.53,10.47,0.0,0.0,0.0,0.0,0.0,79.06
672,Snohomish 23911518,Dave Somers,Democratic,171,Write-In,None3,13,,,0,,,0,,,0,,,0,,,0,184,92.93,7.07,0.0,0.0,0.0,0.0,0.0,85.86
673,Snohomish 23911569,Dave Somers,Democratic,232,Write-In,None3,16,,,0,,,0,,,0,,,0,,,0,248,93.55,6.45,0.0,0.0,0.0,0.0,0.0,87.1
674,Snohomish 23911570,Dave Somers,Democratic,210,Write-In,None3,21,,,0,,,0,,,0,,,0,,,0,231,90.91,9.09,0.0,0.0,0.0,0.0,0.0,81.82
675,Snohomish 23911574,Dave Somers,Democratic,116,Write-In,None3,10,,,0,,,0,,,0,,,0,,,0,126,92.06,7.94,0.0,0.0,0.0,0.0,0.0,84.12
676,Snohomish 23911636,Dave Somers,Democratic,147,Write-In,None3,13,,,0,,,0,,,0,,,0,,,0,160,91.88,8.12,0.0,0.0,0.0,0.0,0.0,83.76
677,Snohomish 23911643,Dave Somers,Democratic,189,Write-In,None3,24,,,0,,,0,,,0,,,0,,,0,213,88.73,11.27,0.0,0.0,0.0,0.0,0.0,77.46
678,Snohomish 23911661,Dave Somers,Democratic,161,Write-In,None3,8,,,0,,,0,,,0,,,0,,,0,169,95.27,4.73,0.0,0.0,0.0,0.0,0.0,90.54
679,Snohomish 23911680,Dave Somers,Democratic,1,Write-In,None3,0,,,0,,,0,,,0,,,0,,,0,1,100.0,0.0,0.0,0.0,0.0,0.0,0.0,100.0
680,Snohomish 23911686,Dave Somers,Democratic,65,Write-In,None3,8,,,0,,,0,,,0,,,0,,,0,73,89.04,10.96,0.0,0.0,0.0,0.0,0.0,78.08
681,Snohomish 23911687,Dave Somers,Democratic,164,Write-In,None3,19,,,0,,,0,,,0,,,0,,,0,183,89.62,10.38,0.0,0.0,0.0,0.0,0.0,79.24
682,Snohomish 23911737,Dave Somers,Democratic,241,Write-In,None3,20,,,0,,,0,,,0,,,0,,,0,261,92.34,7.66,0.0,0.0,0.0,0.0,0.0,84.68
683,Snohomish 23911738,Dave Somers,Democratic,145,Write-In,None3,20,,,0,,,0,,,0,,,0,,,0,165,87.88,12.12,0.0,0.0,0.0,0.0,0.0,75.76
684,Snohomish 23911745,Dave Somers,Democratic,111,Write-In,None3,15,,,0,,,0,,,0,,,0,,,0,126,88.1,11.9,0.0,0.0,0.0,0.0,0.0,76.2
685,Snohomish 23911746,Dave Somers,Democratic,148,Write-In,None3,12,,,0,,,0,,,0,,,0,,,0,160,92.5,7.5,0.0,0.0,0.0,0.0,0.0,85.0
686,Snohomish 23911747,Dave Somers,Democratic,251,Write-In,None3,17,,,0,,,0,,,0,,,0,,,0,268,93.66,6.34,0.0,0.0,0.0,0.0,0.0,87.32
687,Snohomish 23911751,Dave Somers,Democratic,4,Write-In,None3,1,,,0,,,0,,,0,,,0,,,0,5,80.0,20.0,0.0,0.0,0.0,0.0,0.0,60.0
688,Snohomish 23911768,Dave Somers,Democratic,90,Write-In,None3,9,,,0,,,0,,,0,,,0,,,0,99,90.91,9.09,0.0,0.0,0.0,0.0,0.0,81.82
689,Snohomish 23911769,Dave Somers,Democratic,108,Write-In,None3,4,,,0,,,0,,,0,,,0,,,0,112,96.43,3.57,0.0,0.0,0.0,0.0,0.0,92.86
690,Snohomish 23911770,Dave Somers,Democratic,100,Write-In,None3,8,,,0,,,0,,,0,,,0,,,0,108,92.59,7.41,0.0,0.0,0.0,0.0,0.0,85.18
691,Snohomish 23914020,Dave Somers,Democratic,102,Write-In,None3,13,,,0,,,0,,,0,,,0,,,0,115,88.7,11.3,0.0,0.0,0.0,0.0,0.0,77.4
692,Snohomish 23914023,Dave Somers,Democratic,130,Write-In,None3,16,,,0,,,0,,,0,,,0,,,0,146,89.04,10.96,0.0,0.0,0.0,0.0,0.0,78.08
693,Snohomish 23914151,Dave Somers,Democratic,22,Write-In,None3,2,,,0,,,0,,,0,,,0,,,0,24,91.67,8.33,0.0,0.0,0.0,0.0,0.0,83.34
694,Snohomish 23914360,Dave Somers,Democratic,71,Write-In,None3,16,,,0,,,0,,,0,,,0,,,0,87,81.61,18.39,0.0,0.0,0.0,0.0,0.0,63.22
695,Snohomish 24411428,Dave Somers,Democratic,223,Write-In,None3,19,,,0,,,0,,,0,,,0,,,0,242,92.15,7.85,0.0,0.0,0.0,0.0,0.0,84.3
696,Snohomish 24411466,Dave Somers,Democratic,194,Write-In,None3,16,,,0,,,0,,,0,,,0,,,0,210,92.38,7.62,0.0,0.0,0.0,0.0,0.0,84.76
697,Snohomish 24411494,Dave Somers,Democratic,167,Write-In,None3,22,,,0,,,0,,,0,,,0,,,0,189,88.36,11.64,0.0,0.0,0.0,0.0,0.0,76.72
698,Snohomish 24411540,Dave Somers,Democratic,227,Write-In,None3,25,,,0,,,0,,,0,,,0,,,0,252,90.08,9.92,0.0,0.0,0.0,0.0,0.0,80.16
699,Snohomish 24411541,Dave Somers,Democratic,240,Write-In,None3,20,,,0,,,0,,,0,,,0,,,0,260,92.31,7.69,0.0,0.0,0.0,0.0,0.0,84.62
700,Snohomish 24411542,Dave Somers,Democratic,155,Write-In,None3,16,,,0,,,0,,,0,,,0,,,0,171,90.64,9.36,0.0,0.0,0.0,0.0,0.0,81.28
701,Snohomish 24411543,Dave Somers,Democratic,166,Write-In,None3,9,,,0,,,0,,,0,,,0,,,0,175,94.86,5.14,0.0,0.0,0.0,0.0,0.0,89.72
702,Snohomish 24411628,Dave Somers,Democratic,250,Write-In,None3,18,,,0,,,0,,,0,,,0,,,0,268,93.28,6.72,0.0,0.0,0.0,0.0,0.0,86.56
703,Snohomish 24411676,Dave Somers,Democratic,222,Write-In,None3,10,,,0,,,0,,,0,,,0,,,0,232,95.69,4.31,0.0,0.0,0.0,0.0,0.0,91.38
704,Snohomish 24411677,Dave Somers,Democratic,219,Write-In,None3,15,,,0,,,0,,,0,,,0,,,0,234,93.59,6.41,0.0,0.0,0.0,0.0,0.0,87.18
705,Snohomish 24411678,Dave Somers,Democratic,215,Write-In,None3,13,,,0,,,0,,,0,,,0,,,0,228,94.3,5.7,0.0,0.0,0.0,0.0,0.0,88.6
706,Snohomish 24411701,Dave Somers,Democratic,158,Write-In,None3,19,,,0,,,0,,,0,,,0,,,0,177,89.27,10.73,0.0,0.0,0.0,0.0,0.0,78.54
707,Snohomish 24411748,Dave Somers,Democratic,153,Write-In,None3,17,,,0,,,0,,,0,,,0,,,0,170,90.0,10.0,0.0,0.0,0.0,0.0,0.0,80.0
708,Snohomish 24411766,Dave Somers,Democratic,188,Write-In,None3,16,,,0,,,0,,,0,,,0,,,0,204,92.16,7.84,0.0,0.0,0.0,0.0,0.0,84.32
709,Snohomish 24411767,Dave Somers,Democratic,66,Write-In,None3,5,,,0,,,0,,,0,,,0,,,0,71,92.96,7.04,0.0,0.0,0.0,0.0,0.0,85.92
710,Snohomish 24411780,Dave Somers,Democratic,76,Write-In,None3,12,,,0,,,0,,,0,,,0,,,0,88,86.36,13.64,0.0,0.0,0.0,0.0,0.0,72.72
711,Snohomish 24424001,Dave Somers,Democratic,17,Write-In,None3,3,,,0,,,0,,,0,,,0,,,0,20,85.0,15.0,0.0,0.0,0.0,0.0,0.0,70.0
712,Snohomish 24424019,Dave Somers,Democratic,12,Write-In,None3,0,,,0,,,0,,,0,,,0,,,0,12,100.0,0.0,0.0,0.0,0.0,0.0,0.0,100.0
713,Snohomish 24424126,Dave Somers,Democratic,156,Write-In,None3,9,,,0,,,0,,,0,,,0,,,0,165,94.55,5.45,0.0,0.0,0.0,0.0,0.0,89.1
714,Snohomish 24424528,Dave Somers,Democratic,125,Write-In,None3,14,,,0,,,0,,,0,,,0,,,0,139,89.93,10.07,0.0,0.0,0.0,0.0,0.0,79.86
715,Snohomish 24444074,Dave Somers,Democratic,178,Write-In,None3,15,,,0,,,0,,,0,,,0,,,0,193,92.23,7.77,0.0,0.0,0.0,0.0,0.0,84.46
716,Snohomish 24444285,Dave Somers,Democratic,170,Write-In,None3,14,,,0,,,0,,,0,,,0,,,0,184,92.39,7.61,0.0,0.0,0.0,0.0,0.0,84.78
717,Snohomish 24444294,Dave Somers,Democratic,98,Write-In,None3,9,,,0,,,0,,,0,,,0,,,0,107,91.59,8.41,0.0,0.0,0.0,0.0,0.0,83.18
718,Snohomish 24454086,Dave Somers,Democratic,176,Write-In,None3,12,,,0,,,0,,,0,,,0,,,0,188,93.62,6.38,0.0,0.0,0.0,0.0,0.0,87.24
719,Snohomish 24454172,Dave Somers,Democratic,148,Write-In,None3,17,,,0,,,0,,,0,,,0,,,0,165,89.7,10.3,0.0,0.0,0.0,0.0,0.0,79.4
720,Snohomish 24454197,Dave Somers,Democratic,170,Write-In,None3,21,,,0,,,0,,,0,,,0,,,0,191,89.01,10.99,0.0,0.0,0.0,0.0,0.0,78.02
721,Snohomish 24454198,Dave Somers,Democratic,83,Write-In,None3,9,,,0,,,0,,,0,,,0,,,0,92,90.22,9.78,0.0,0.0,0.0,0.0,0.0,80.44
722,Snohomish 24454295,Dave Somers,Democratic,250,Write-In,None3,19,,,0,,,0,,,0,,,0,,,0,269,92.94,7.06,0.0,0.0,0.0,0.0,0.0,85.88
723,Snohomish 24454341,Dave Somers,Democratic,170,Write-In,None3,19,,,0,,,0,,,0,,,0,,,0,189,89.95,10.05,0.0,0.0,0.0,0.0,0.0,79.9
724,Snohomish 24454591,Dave Somers,Democratic,2,Write-In,None3,1,,,0,,,0,,,0,,,0,,,0,3,66.67,33.33,0.0,0.0,0.0,0.0,0.0,33.34
725,Snohomish 24454698,Dave Somers,Democratic,1,Write-In,None3,0,,,0,,,0,,,0,,,0,,,0,1,100.0,0.0,0.0,0.0,0.0,0.0,0.0,100.0
726,Snohomish 72131101,Dave Somers,Democratic,269,Write-In,None3,8,,,0,,,0,,,0,,,0,,,0,277,97.11,2.89,0.0,0.0,0.0,0.0,0.0,94.22
727,Snohomish 72131102,Dave Somers,Democratic,269,Write-In,None3,5,,,0,,,0,,,0,,,0,,,0,274,98.18,1.82,0.0,0.0,0.0,0.0,0.0,96.36
728,Snohomish 72131103,Dave Somers,Democratic,324,Write-In,None3,9,,,0,,,0,,,0,,,0,,,0,333,97.3,2.7,0.0,0.0,0.0,0.0,0.0,94.6
729,Snohomish 72131104,Dave Somers,Democratic,262,Write-In,None3,3,,,0,,,0,,,0,,,0,,,0,265,98.87,1.13,0.0,0.0,0.0,0.0,0.0,97.74
730,Snohomish 72131105,Dave Somers,Democratic,158,Write-In,None3,6,,,0,,,0,,,0,,,0,,,0,164,96.34,3.66,0.0,0.0,0.0,0.0,0.0,92.68
731,Snohomish 72131107,Dave Somers,Democratic,345,Write-In,None3,5,,,0,,,0,,,0,,,0,,,0,350,98.57,1.43,0.0,0.0,0.0,0.0,0.0,97.14
732,Snohomish 72131108,Dave Somers,Democratic,343,Write-In,None3,10,,,0,,,0,,,0,,,0,,,0,353,97.17,2.83,0.0,0.0,0.0,0.0,0.0,94.34
733,Snohomish 72131109,Dave Somers,Democratic,193,Write-In,None3,2,,,0,,,0,,,0,,,0,,,0,195,98.97,1.03,0.0,0.0,0.0,0.0,0.0,97.94
734,Snohomish 72131110,Dave Somers,Democratic,310,Write-In,None3,8,,,0,,,0,,,0,,,0,,,0,318,97.48,2.52,0.0,0.0,0.0,0.0,0.0,94.96
735,Snohomish 72131111,Dave Somers,Democratic,320,Write-In,None3,12,,,0,,,0,,,0,,,0,,,0,332,96.39,3.61,0.0,0.0,0.0,0.0,0.0,92.78
736,Snohomish 72131127,Dave Somers,Democratic,239,Write-In,None3,2,,,0,,,0,,,0,,,0,,,0,241,99.17,0.83,0.0,0.0,0.0,0.0,0.0,98.34
737,Snohomish 72131147,Dave Somers,Democratic,224,Write-In,None3,2,,,0,,,0,,,0,,,0,,,0,226,99.12,0.88,0.0,0.0,0.0,0.0,0.0,98.24
738,Snohomish 72131148,Dave Somers,Democratic,270,Write-In,None3,18,,,0,,,0,,,0,,,0,,,0,288,93.75,6.25,0.0,0.0,0.0,0.0,0.0,87.5
739,Snohomish 72131155,Dave Somers,Democratic,258,Write-In,None3,8,,,0,,,0,,,0,,,0,,,0,266,96.99,3.01,0.0,0.0,0.0,0.0,0.0,93.98
740,Snohomish 72131156,Dave Somers,Democratic,247,Write-In,None3,10,,,0,,,0,,,0,,,0,,,0,257,96.11,3.89,0.0,0.0,0.0,0.0,0.0,92.22
741,Snohomish 72131157,Dave Somers,Democratic,228,Write-In,None3,14,,,0,,,0,,,0,,,0,,,0,242,94.21,5.79,0.0,0.0,0.0,0.0,0.0,88.42
742,Snohomish 72131158,Dave Somers,Democratic,265,Write-In,None3,4,,,0,,,0,,,0,,,0,,,0,269,98.51,1.49,0.0,0.0,0.0,0.0,0.0,97.02
743,Snohomish 72131159,Dave Somers,Democratic,288,Write-In,None3,6,,,0,,,0,,,0,,,0,,,0,294,97.96,2.04,0.0,0.0,0.0,0.0,0.0,95.92
744,Snohomish 72131160,Dave Somers,Democratic,226,Write-In,None3,6,,,0,,,0,,,0,,,0,,,0,232,97.41,2.59,0.0,0.0,0.0,0.0,0.0,94.82
745,Snohomish 72131161,Dave Somers,Democratic,253,Write-In,None3,3,,,0,,,0,,,0,,,0,,,0,256,98.83,1.17,0.0,0.0,0.0,0.0,0.0,97.66
746,Snohomish 72131162,Dave Somers,Democratic,225,Write-In,None3,6,,,0,,,0,,,0,,,0,,,0,231,97.4,2.6,0.0,0.0,0.0,0.0,0.0,94.8
747,Snohomish 72131163,Dave Somers,Democratic,223,Write-In,None3,4,,,0,,,0,,,0,,,0,,,0,227,98.24,1.76,0.0,0.0,0.0,0.0,0.0,96.48
748,Snohomish 72131164,Dave Somers,Democratic,244,Write-In,None3,6,,,0,,,0,,,0,,,0,,,0,250,97.6,2.4,0.0,0.0,0.0,0.0,0.0,95.2
749,Snohomish 72131390,Dave Somers,Democratic,279,Write-In,None3,19,,,0,,,0,,,0,,,0,,,0,298,93.62,6.38,0.0,0.0,0.0,0.0,0.0,87.24
750,Snohomish 72131391,Dave Somers,Democratic,154,Write-In,None3,9,,,0,,,0,,,0,,,0,,,0,163,94.48,5.52,0.0,0.0,0.0,0.0,0.0,88.96
751,Snohomish 72131392,Dave Somers,Democratic,156,Write-In,None3,7,,,0,,,0,,,0,,,0,,,0,163,95.71,4.29,0.0,0.0,0.0,0.0,0.0,91.42
752,Snohomish 72131393,Dave Somers,Democratic,264,Write-In,None3,6,,,0,,,0,,,0,,,0,,,0,270,97.78,2.22,0.0,0.0,0.0,0.0,0.0,95.56
753,Snohomish 72131447,Dave Somers,Democratic,322,Write-In,None3,14,,,0,,,0,,,0,,,0,,,0,336,95.83,4.17,0.0,0.0,0.0,0.0,0.0,91.66
754,Snohomish 72131524,Dave Somers,Democratic,441,Write-In,None3,14,,,0,,,0,,,0,,,0,,,0,455,96.92,3.08,0.0,0.0,0.0,0.0,0.0,93.84
755,Snohomish 72131565,Dave Somers,Democratic,220,Write-In,None3,10,,,0,,,0,,,0,,,0,,,0,230,95.65,4.35,0.0,0.0,0.0,0.0,0.0,91.3
756,Snohomish 72131694,Dave Somers,Democratic,327,Write-In,None3,5,,,0,,,0,,,0,,,0,,,0,332,98.49,1.51,0.0,0.0,0.0,0.0,0.0,96.98
757,Snohomish 73231106,Dave Somers,Democratic,299,Write-In,None3,6,,,0,,,0,,,0,,,0,,,0,305,98.03,1.97,0.0,0.0,0.0,0.0,0.0,96.06
758,Snohomish 73231112,Dave Somers,Democratic,191,Write-In,None3,5,,,0,,,0,,,0,,,0,,,0,196,97.45,2.55,0.0,0.0,0.0,0.0,0.0,94.9
759,Snohomish 73231113,Dave Somers,Democratic,184,Write-In,None3,9,,,0,,,0,,,0,,,0,,,0,193,95.34,4.66,0.0,0.0,0.0,0.0,0.0,90.68
760,Snohomish 73231114,Dave Somers,Democratic,200,Write-In,None3,1,,,0,,,0,,,0,,,0,,,0,201,99.5,0.5,0.0,0.0,0.0,0.0,0.0,99.0
761,Snohomish 73231132,Dave Somers,Democratic,247,Write-In,None3,13,,,0,,,0,,,0,,,0,,,0,260,95.0,5.0,0.0,0.0,0.0,0.0,0.0,90.0
762,Snohomish 73231133,Dave Somers,Democratic,221,Write-In,None3,6,,,0,,,0,,,0,,,0,,,0,227,97.36,2.64,0.0,0.0,0.0,0.0,0.0,94.72
763,Snohomish 73231153,Dave Somers,Democratic,231,Write-In,None3,7,,,0,,,0,,,0,,,0,,,0,238,97.06,2.94,0.0,0.0,0.0,0.0,0.0,94.12
764,Snohomish 73231154,Dave Somers,Democratic,206,Write-In,None3,8,,,0,,,0,,,0,,,0,,,0,214,96.26,3.74,0.0,0.0,0.0,0.0,0.0,92.52
765,Snohomish 73231173,Dave Somers,Democratic,241,Write-In,None3,9,,,0,,,0,,,0,,,0,,,0,250,96.4,3.6,0.0,0.0,0.0,0.0,0.0,92.8
766,Snohomish 73231174,Dave Somers,Democratic,127,Write-In,None3,11,,,0,,,0,,,0,,,0,,,0,138,92.03,7.97,0.0,0.0,0.0,0.0,0.0,84.06
767,Snohomish 73231389,Dave Somers,Democratic,157,Write-In,None3,4,,,0,,,0,,,0,,,0,,,0,161,97.52,2.48,0.0,0.0,0.0,0.0,0.0,95.04
768,Snohomish 73231500,Dave Somers,Democratic,246,Write-In,None3,8,,,0,,,0,,,0,,,0,,,0,254,96.85,3.15,0.0,0.0,0.0,0.0,0.0,93.7
769,Snohomish 73231511,Dave Somers,Democratic,175,Write-In,None3,2,,,0,,,0,,,0,,,0,,,0,177,98.87,1.13,0.0,0.0,0.0,0.0,0.0,97.74
770,Snohomish 73231512,Dave Somers,Democratic,165,Write-In,None3,2,,,0,,,0,,,0,,,0,,,0,167,98.8,1.2,0.0,0.0,0.0,0.0,0.0,97.6
771,Snohomish 73231513,Dave Somers,Democratic,322,Write-In,None3,7,,,0,,,0,,,0,,,0,,,0,329,97.87,2.13,0.0,0.0,0.0,0.0,0.0,95.74
772,Snohomish 73231514,Dave Somers,Democratic,258,Write-In,None3,7,,,0,,,0,,,0,,,0,,,0,265,97.36,2.64,0.0,0.0,0.0,0.0,0.0,94.72
773,Snohomish 73231523,Dave Somers,Democratic,192,Write-In,None3,7,,,0,,,0,,,0,,,0,,,0,199,96.48,3.52,0.0,0.0,0.0,0.0,0.0,92.96
774,Snohomish 73231525,Dave Somers,Democratic,130,Write-In,None3,5,,,0,,,0,,,0,,,0,,,0,135,96.3,3.7,0.0,0.0,0.0,0.0,0.0,92.6
775,Snohomish 73231562,Dave Somers,Democratic,200,Write-In,None3,6,,,0,,,0,,,0,,,0,,,0,206,97.09,2.91,0.0,0.0,0.0,0.0,0.0,94.18
776,Snohomish 73231563,Dave Somers,Democratic,215,Write-In,None3,2,,,0,,,0,,,0,,,0,,,0,217,99.08,0.92,0.0,0.0,0.0,0.0,0.0,98.16
777,Snohomish 73231564,Dave Somers,Democratic,169,Write-In,None3,9,,,0,,,0,,,0,,,0,,,0,178,94.94,5.06,0.0,0.0,0.0,0.0,0.0,89.88
778,Snohomish 73231577,Dave Somers,Democratic,275,Write-In,None3,14,,,0,,,0,,,0,,,0,,,0,289,95.16,4.84,0.0,0.0,0.0,0.0,0.0,90.32
779,Snohomish 73234099,Dave Somers,Democratic,267,Write-In,None3,6,,,0,,,0,,,0,,,0,,,0,273,97.8,2.2,0.0,0.0,0.0,0.0,0.0,95.6
780,Snohomish 73234143,Dave Somers,Democratic,142,Write-In,None3,8,,,0,,,0,,,0,,,0,,,0,150,94.67,5.33,0.0,0.0,0.0,0.0,0.0,89.34
781,Snohomish 73234149,Dave Somers,Democratic,163,Write-In,None3,8,,,0,,,0,,,0,,,0,,,0,171,95.32,4.68,0.0,0.0,0.0,0.0,0.0,90.64
782,Snohomish 73234176,Dave Somers,Democratic,165,Write-In,None3,4,,,0,,,0,,,0,,,0,,,0,169,97.63,2.37,0.0,0.0,0.0,0.0,0.0,95.26
783,Snohomish 73234182,Dave Somers,Democratic,179,Write-In,None3,4,,,0,,,0,,,0,,,0,,,0,183,97.81,2.19,0.0,0.0,0.0,0.0,0.0,95.62
